Country Name,Country Code,Indicator Name,Indicator Code,1960,1961,1962,1963,1964,1965,1966,1967,1968,1969,1970,1971,1972,1973,1974,1975,1976,1977,1978,1979,1980,1981,1982,1983,1984,1985,1986,1987,1988,1989,1990,1991,1992,1993,1994,1995,1996,1997,1998,1999,2000,2001,2002,2003,2004,2005,2006,2007,2008,2009,2010,2011,2012,2013,2014,2015,2016,2017,2018,2019,2020,2021,2022,2023,2024
Aruba,ABW,"Prevalence of HIV, total (% of population ages 15-49)",SH.DYN.AIDS.ZS,,,,,,,,,,,,,,,,,,,,,,,,,,,,,,,,,,,,,,,,,,,,,,,,,,,,,,,,,,,,,,,,,
Africa Eastern and Southern,AFE,"Prevalence of HIV, total (% of population ages 15-49)",SH.DYN.AIDS.ZS,,,,,,,,,,,,,,,,,,,,,,,,,,,,,,,3.606080143,4.230562733,4.80976168,5.325579991,5.743334312,6.06926666,6.36976008,6.583286047,6.716075214,6.769850643,6.758863893,6.692524185,6.595049032,6.459902921,6.309482727,6.166327489,6.050126068,5.965584116,5.878855142,5.817768789,5.784093566,5.73150247,5.68904497,5.611507078,5.579637288,5.507775872,5.413449771,5.27403926,5.168687389,5.031259949,4.90133813,4.75016647,4.594211322,4.415063033,4.234057592
Afghanistan,AFG,"Prevalence of HIV, total (% of population ages 15-49)",SH.DYN.AIDS.ZS,,,,,,,,,,,,,,,,,,,,,,,,,,,,,,,0.1,0.1,0.1,0.1,0.1,0.1,0.1,0.1,0.1,0.1,0.1,0.1,0.1,0.1,0.1,0.1,0.1,0.1,0.1,0.1,0.1,0.1,0.1,0.1,0.1,0.1,0.1,0.1,0.1,0.1,0.1,0.1,0.1,0.1,0.1
Africa Western and Central,AFW,"Prevalence of HIV, total (% of population ages 15-49)",SH.DYN.AIDS.ZS,,,,,,,,,,,,,,,,,,,,,,,,,,,,,,,1.286276451,1.49162904,1.729830073,1.951514191,2.158268338,2.343819769,2.461886996,2.57045324,2.647576181,2.65812469,2.649644388,2.618681596,2.565432586,2.52287113,2.471467802,2.362808301,2.299484417,2.20989336,2.156674915,2.131281796,2.077260158,2.001409977,1.961529761,1.882088065,1.830571649,1.749891356,1.712613156,1.625388749,1.591972812,1.513370406,1.427311667,1.404060028,1.325747165,1.248188449,1.217556917
Angola,AGO,"Prevalence of HIV, total (% of population ages 15-49)",SH.DYN.AIDS.ZS,,,,,,,,,,,,,,,,,,,,,,,,,,,,,,,0.5,0.6,0.7,0.8,0.9,1,1.1,1.2,1.2,1.3,1.4,1.4,1.5,1.5,1.6,1.6,1.6,1.7,1.7,1.7,1.7,1.8,1.8,1.8,1.8,1.8,1.8,1.8,1.7,1.7,1.7,1.7,1.6,1.6,1.6
Albania,ALB,"Prevalence of HIV, total (% of population ages 15-49)",SH.DYN.AIDS.ZS,,,,,,,,,,,,,,,,,,,,,,,,,,,,,,,0.1,0.1,0.1,0.1,0.1,0.1,0.1,0.1,0.1,0.1,0.1,0.1,0.1,0.1,0.1,0.1,0.1,0.1,0.1,0.1,0.1,0.1,0.1,0.1,0.1,0.1,0.1,0.1,0.1,0.1,0.1,0.1,0.1,0.1,0.1
Andorra,AND,"Prevalence of HIV, total (% of population ages 15-49)",SH.DYN.AIDS.ZS,,,,,,,,,,,,,,,,,,,,,,,,,,,,,,,,,,,,,,,,,,,,,,,,,,,,,,,,,,,,,,,,,
Arab World,ARB,"Prevalence of HIV, total (% of population ages 15-49)",SH.DYN.AIDS.ZS,,,,,,,,,,,,,,,,,,,,,,,,,,,,,,,0.105875342,0.109421608,0.111138777,0.111710937,0.113594645,0.115072654,0.115740522,0.117167655,0.117884365,0.11911995,0.119482887,0.119564308,0.116874609,0.11653743,0.116123084,0.115725952,0.114567061,0.113996659,0.113471189,0.112434552,0.109293547,0.108245538,0.107750843,0.107259869,0.106219943,0.105734216,0.10550651,0.104434905,0.104219166,0.103986063,0.103734151,0.113277333,0.113040538,0.112000477,0.111588211
United Arab Emirates,ARE,"Prevalence of HIV, total (% of population ages 15-49)",SH.DYN.AIDS.ZS,,,,,,,,,,,,,,,,,,,,,,,,,,,,,,,0.1,0.1,0.1,0.1,0.1,0.1,0.1,0.1,0.1,0.1,0.1,0.1,0.1,0.1,0.1,0.1,0.1,0.1,0.1,0.1,0.1,0.1,0.1,0.1,0.1,0.1,0.1,0.1,0.1,0.1,0.1,0.1,0.1,0.1,0.1
Argentina,ARG,"Prevalence of HIV, total (% of population ages 15-49)",SH.DYN.AIDS.ZS,,,,,,,,,,,,,,,,,,,,,,,,,,,,,,,0.1,0.1,0.2,0.2,0.2,0.2,0.2,0.2,0.3,0.3,0.3,0.3,0.3,0.3,0.3,0.3,0.4,0.4,0.4,0.4,0.4,0.4,0.4,0.4,0.4,0.4,0.4,0.4,0.4,0.4,0.4,0.4,0.4,0.4,0.4
Armenia,ARM,"Prevalence of HIV, total (% of population ages 15-49)",SH.DYN.AIDS.ZS,,,,,,,,,,,,,,,,,,,,,,,,,,,,,,,0.1,0.1,0.1,0.1,0.1,0.1,0.1,0.1,0.1,0.1,0.1,0.1,0.1,0.1,0.1,0.1,0.1,0.1,0.1,0.1,0.1,0.1,0.1,0.1,0.2,0.2,0.2,0.2,0.3,0.3,0.3,0.3,0.3,0.4,0.4
American Samoa,ASM,"Prevalence of HIV, total (% of population ages 15-49)",SH.DYN.AIDS.ZS,,,,,,,,,,,,,,,,,,,,,,,,,,,,,,,,,,,,,,,,,,,,,,,,,,,,,,,,,,,,,,,,,
Antigua and Barbuda,ATG,"Prevalence of HIV, total (% of population ages 15-49)",SH.DYN.AIDS.ZS,,,,,,,,,,,,,,,,,,,,,,,,,,,,,,,0.3,0.3,0.3,0.3,0.3,0.4,0.4,0.4,0.5,0.5,0.5,0.5,0.6,0.6,0.6,0.6,0.7,0.7,0.7,0.7,0.7,0.8,0.8,0.8,0.9,0.9,0.9,1,1,1,1,1,1.1,1.1,1.1
Australia,AUS,"Prevalence of HIV, total (% of population ages 15-49)",SH.DYN.AIDS.ZS,,,,,,,,,,,,,,,,,,,,,,,,,,,,,,,0.1,0.1,0.1,0.1,0.1,0.1,0.1,0.1,0.1,0.1,0.1,0.1,0.1,0.1,0.1,0.1,0.1,0.1,0.1,0.1,0.1,0.1,0.1,0.1,0.1,0.1,0.1,0.1,0.1,0.1,0.1,0.1,0.1,0.1,0.1
Austria,AUT,"Prevalence of HIV, total (% of population ages 15-49)",SH.DYN.AIDS.ZS,,,,,,,,,,,,,,,,,,,,,,,,,,,,,,,,,,,,,,,,,,,,,,,,,,,,,,,,,,,,,,,,,
Azerbaijan,AZE,"Prevalence of HIV, total (% of population ages 15-49)",SH.DYN.AIDS.ZS,,,,,,,,,,,,,,,,,,,,,,,,,,,,,,,0.1,0.1,0.1,0.1,0.1,0.1,0.1,0.1,0.1,0.1,0.1,0.1,0.1,0.1,0.1,0.1,0.1,0.1,0.1,0.1,0.1,0.1,0.1,0.1,0.1,0.1,0.1,0.1,0.1,0.1,0.1,0.1,0.1,0.1,0.1
Burundi,BDI,"Prevalence of HIV, total (% of population ages 15-49)",SH.DYN.AIDS.ZS,,,,,,,,,,,,,,,,,,,,,,,,,,,,,,,4.4,4.8,5.1,4.7,5.2,4.8,4.5,4.3,4,3.7,3.4,3.1,2.8,2.6,2.4,2.2,2,1.9,1.8,1.7,1.6,1.6,1.5,1.4,1.4,1.3,1.2,1.2,1.1,1.1,1,0.9,0.9,0.8,0.8
Belgium,BEL,"Prevalence of HIV, total (% of population ages 15-49)",SH.DYN.AIDS.ZS,,,,,,,,,,,,,,,,,,,,,,,,,,,,,,,0.1,0.1,0.1,0.1,0.1,0.1,0.1,0.1,0.1,0.1,0.1,0.1,0.1,0.1,0.1,0.1,0.1,0.1,0.2,0.2,0.2,0.2,0.2,0.2,0.2,0.2,0.2,0.2,0.2,0.2,0.2,0.2,0.2,0.2,0.2
Benin,BEN,"Prevalence of HIV, total (% of population ages 15-49)",SH.DYN.AIDS.ZS,,,,,,,,,,,,,,,,,,,,,,,,,,,,,,,0.2,0.4,0.5,0.7,0.8,1,1.2,1.3,1.4,1.4,1.5,1.4,1.4,1.4,1.3,1.3,1.2,1.2,1.1,1.1,1.1,1.1,1.1,1.1,1,1,1,0.9,0.9,0.9,0.8,0.8,0.7,0.7,0.7
Burkina Faso,BFA,"Prevalence of HIV, total (% of population ages 15-49)",SH.DYN.AIDS.ZS,,,,,,,,,,,,,,,,,,,,,,,,,,,,,,,2.5,2.7,2.7,2.8,2.7,2.6,2.5,2.4,2.2,2.1,1.9,1.8,1.6,1.5,1.4,1.3,1.2,1.2,1.1,1.1,1,1,0.9,0.9,0.8,0.8,0.8,0.7,0.7,0.7,0.6,0.6,0.6,0.5,0.5
Bangladesh,BGD,"Prevalence of HIV, total (% of population ages 15-49)",SH.DYN.AIDS.ZS,,,,,,,,,,,,,,,,,,,,,,,,,,,,,,,0.1,0.1,0.1,0.1,0.1,0.1,0.1,0.1,0.1,0.1,0.1,0.1,0.1,0.1,0.1,0.1,0.1,0.1,0.1,0.1,0.1,0.1,0.1,0.1,0.1,0.1,0.1,0.1,0.1,0.1,0.1,0.1,0.1,0.1,0.1
Bulgaria,BGR,"Prevalence of HIV, total (% of population ages 15-49)",SH.DYN.AIDS.ZS,,,,,,,,,,,,,,,,,,,,,,,,,,,,,,,0.1,0.1,0.1,0.1,0.1,0.1,0.1,0.1,0.1,0.1,0.1,0.1,0.1,0.1,0.1,0.1,0.1,0.1,0.1,0.1,0.1,0.1,0.1,0.1,0.1,0.1,0.1,0.1,0.1,0.1,0.1,0.1,0.1,0.1,0.1
Bahrain,BHR,"Prevalence of HIV, total (% of population ages 15-49)",SH.DYN.AIDS.ZS,,,,,,,,,,,,,,,,,,,,,,,,,,,,,,,0.1,0.1,0.1,0.1,0.1,0.1,0.1,0.1,0.1,0.1,0.1,0.1,0.1,0.1,0.1,0.1,0.1,0.1,0.1,0.1,0.1,0.1,0.1,0.1,0.1,0.1,0.1,0.1,0.1,0.1,0.1,0.1,0.1,0.1,0.1
"Bahamas, The",BHS,"Prevalence of HIV, total (% of population ages 15-49)",SH.DYN.AIDS.ZS,,,,,,,,,,,,,,,,,,,,,,,,,,,,,,,1.4,1.6,1.8,1.9,2,2.1,2.1,2.2,2.2,2.1,2.1,2,2,1.9,1.9,1.9,1.9,1.9,1.8,1.8,1.8,1.7,1.7,1.6,1.6,1.5,1.5,1.4,1.4,1.3,1.3,1.2,1.2,1.1,1.1
Bosnia and Herzegovina,BIH,"Prevalence of HIV, total (% of population ages 15-49)",SH.DYN.AIDS.ZS,,,,,,,,,,,,,,,,,,,,,,,,,,,,,,,,,,,,,,,,,,,,,,,,,,,,,,,,,,,,,,,,,
Belarus,BLR,"Prevalence of HIV, total (% of population ages 15-49)",SH.DYN.AIDS.ZS,,,,,,,,,,,,,,,,,,,,,,,,,,,,,,,,,,,,,,,,,,,,,,,,,,,,,,,,,,,,,,,,,
Belize,BLZ,"Prevalence of HIV, total (% of population ages 15-49)",SH.DYN.AIDS.ZS,,,,,,,,,,,,,,,,,,,,,,,,,,,,,,,0.1,0.2,0.3,0.3,0.4,0.5,0.6,0.7,0.8,1,1.1,1.1,1.2,1.3,1.3,1.4,1.4,1.4,1.5,1.5,1.5,1.4,1.4,1.4,1.4,1.4,1.3,1.3,1.3,1.3,1.2,1.2,1.2,1.2,1.2
Bermuda,BMU,"Prevalence of HIV, total (% of population ages 15-49)",SH.DYN.AIDS.ZS,,,,,,,,,,,,,,,,,,,,,,,,,,,,,,,,,,,,,,,,,,,,,,,,,,,,,,,,,,,,,,,,,
Bolivia,BOL,"Prevalence of HIV, total (% of population ages 15-49)",SH.DYN.AIDS.ZS,,,,,,,,,,,,,,,,,,,,,,,,,,,,,,,0.1,0.1,0.1,0.2,0.2,0.2,0.3,0.3,0.3,0.3,0.3,0.3,0.3,0.3,0.3,0.3,0.3,0.3,0.3,0.3,0.3,0.3,0.3,0.3,0.3,0.3,0.3,0.3,0.3,0.3,0.4,0.4,0.4,0.4,0.4
Brazil,BRA,"Prevalence of HIV, total (% of population ages 15-49)",SH.DYN.AIDS.ZS,,,,,,,,,,,,,,,,,,,,,,,,,,,,,,,0.1,0.2,0.2,0.2,0.2,0.3,0.3,0.3,0.3,0.3,0.3,0.3,0.3,0.3,0.3,0.3,0.3,0.3,0.3,0.4,0.4,0.4,0.4,0.5,0.5,0.5,0.6,0.6,0.6,0.6,0.7,0.7,0.7,0.7,0.7
Barbados,BRB,"Prevalence of HIV, total (% of population ages 15-49)",SH.DYN.AIDS.ZS,,,,,,,,,,,,,,,,,,,,,,,,,,,,,,,0.2,0.2,0.3,0.4,0.6,0.7,0.8,0.8,0.9,0.9,1,1,1,1.1,1.1,1.1,1.2,1.2,1.2,1.2,1.2,1.2,1.2,1.2,1.2,1.2,1.2,1.2,1.2,1.1,1.1,1.1,1.1,1.1,1
Brunei Darussalam,BRN,"Prevalence of HIV, total (% of population ages 15-49)",SH.DYN.AIDS.ZS,,,,,,,,,,,,,,,,,,,,,,,,,,,,,,,,,,,,,,,,,,,,,,,,,,,,,,,,,,,,,,,,,
Bhutan,BTN,"Prevalence of HIV, total (% of population ages 15-49)",SH.DYN.AIDS.ZS,,,,,,,,,,,,,,,,,,,,,,,,,,,,,,,0.1,0.1,0.1,0.1,0.1,0.1,0.1,0.1,0.1,0.1,0.1,0.1,0.1,0.1,0.1,0.1,0.1,0.1,0.1,0.1,0.1,0.1,0.1,0.1,0.1,0.1,0.1,0.1,0.1,0.1,0.1,0.2,0.2,0.2,0.2
Botswana,BWA,"Prevalence of HIV, total (% of population ages 15-49)",SH.DYN.AIDS.ZS,,,,,,,,,,,,,,,,,,,,,,,,,,,,,,,7.7,10.3,13.2,16.1,18.9,21.3,23.2,24.5,25.4,25.8,25.9,25.7,25.3,24.9,24.5,24.2,23.9,23.6,23.4,23.2,23,22.8,22.7,22.4,22.1,21.8,21.4,20.9,20.3,19.7,19,18.2,17.4,16.6,15.7
Central African Republic,CAF,"Prevalence of HIV, total (% of population ages 15-49)",SH.DYN.AIDS.ZS,,,,,,,,,,,,,,,,,,,,,,,,,,,,,,,4.5,5.3,6,6.6,7.2,7.6,7.8,7.9,7.9,7.7,7.5,7.3,7,6.7,6.4,6,5.7,5.5,5.2,5.1,4.9,4.6,4.4,4.2,4,3.8,3.6,3.4,3.3,3.1,3,2.8,2.7,2.5,2.4
Canada,CAN,"Prevalence of HIV, total (% of population ages 15-49)",SH.DYN.AIDS.ZS,,,,,,,,,,,,,,,,,,,,,,,,,,,,,,,0.2,0.2,0.2,0.2,0.2,0.2,0.2,0.2,0.2,0.2,0.2,0.2,0.2,0.2,0.2,0.2,0.2,0.2,0.2,0.2,0.2,0.2,0.2,0.2,0.2,0.2,0.2,0.2,0.2,0.2,0.2,0.1,0.1,,
Central Europe and the Baltics,CEB,"Prevalence of HIV, total (% of population ages 15-49)",SH.DYN.AIDS.ZS,,,,,,,,,,,,,,,,,,,,,,,,,,,,,,,,,,,,,,,,,,,,,,,,,,,,,,,,,,,,,,,,,
Switzerland,CHE,"Prevalence of HIV, total (% of population ages 15-49)",SH.DYN.AIDS.ZS,,,,,,,,,,,,,,,,,,,,,,,,,,,,,,,0.1,0.2,0.2,0.2,0.2,0.2,0.2,0.2,0.2,0.2,0.2,0.2,0.3,0.3,0.3,0.3,0.3,0.2,0.2,0.2,0.2,0.2,0.2,0.2,0.2,0.2,0.2,0.2,0.2,0.2,0.2,0.2,0.2,0.2,0.2
Channel Islands,CHI,"Prevalence of HIV, total (% of population ages 15-49)",SH.DYN.AIDS.ZS,,,,,,,,,,,,,,,,,,,,,,,,,,,,,,,,,,,,,,,,,,,,,,,,,,,,,,,,,,,,,,,,,
Chile,CHL,"Prevalence of HIV, total (% of population ages 15-49)",SH.DYN.AIDS.ZS,,,,,,,,,,,,,,,,,,,,,,,,,,,,,,,0.1,0.1,0.1,0.1,0.1,0.1,0.1,0.1,0.2,0.2,0.2,0.2,0.2,0.2,0.2,0.2,0.3,0.3,0.3,0.3,0.3,0.3,0.4,0.4,0.4,0.4,0.4,0.5,0.5,0.5,0.5,0.6,0.6,0.6,0.7
China,CHN,"Prevalence of HIV, total (% of population ages 15-49)",SH.DYN.AIDS.ZS,,,,,,,,,,,,,,,,,,,,,,,,,,,,,,,,,,,,,,,,,,,,,,,,,,,,,,,,,,,,,,,,,
Cote d'Ivoire,CIV,"Prevalence of HIV, total (% of population ages 15-49)",SH.DYN.AIDS.ZS,,,,,,,,,,,,,,,,,,,,,,,,,,,,,,,4.8,5.7,6.4,6.9,7.3,7.5,7.5,7.4,7.2,7,6.7,6.4,6,5.7,5.3,4.9,4.6,4.3,4,3.8,3.6,3.4,3.2,3.1,2.9,2.7,2.6,2.5,2.3,2.2,2.1,2,1.9,1.8,1.7
Cameroon,CMR,"Prevalence of HIV, total (% of population ages 15-49)",SH.DYN.AIDS.ZS,,,,,,,,,,,,,,,,,,,,,,,,,,,,,,,1,1.3,1.7,2.2,2.7,3.3,3.8,4.4,4.8,5.2,5.5,5.6,5.7,5.6,5.6,5.5,5.4,5.2,5.1,5,4.8,4.7,4.5,4.3,4.1,3.9,3.7,3.5,3.4,3.2,3.1,2.9,2.8,2.7,2.5
"Congo, Dem. Rep.",COD,"Prevalence of HIV, total (% of population ages 15-49)",SH.DYN.AIDS.ZS,,,,,,,,,,,,,,,,,,,,,,,,,,,,,,,1.9,2.1,2.2,2.3,2.4,2.4,2.4,2.3,2.3,2.2,2.1,2,1.9,1.8,1.8,1.7,1.6,1.5,1.4,1.4,1.3,1.2,1.2,1.1,1.1,1,1,0.9,0.9,0.9,0.9,0.8,0.8,0.8,0.7
"Congo, Rep.",COG,"Prevalence of HIV, total (% of population ages 15-49)",SH.DYN.AIDS.ZS,,,,,,,,,,,,,,,,,,,,,,,,,,,,,,,4.9,5.2,5.3,5.3,5.3,5.2,5.1,5,4.9,4.7,4.5,4.3,4.2,4,3.9,3.7,3.6,3.5,3.5,3.4,3.4,3.4,3.3,3.3,3.3,3.2,3.2,3.2,3.2,3.2,3.2,3.2,3.2,3.2,3.2
Colombia,COL,"Prevalence of HIV, total (% of population ages 15-49)",SH.DYN.AIDS.ZS,,,,,,,,,,,,,,,,,,,,,,,,,,,,,,,0.1,0.1,0.2,0.2,0.2,0.3,0.3,0.4,0.4,0.4,0.4,0.5,0.5,0.5,0.5,0.5,0.5,0.5,0.5,0.5,0.5,0.5,0.5,0.5,0.5,0.5,0.5,0.5,0.5,0.6,0.6,0.6,0.6,0.6,0.6
Comoros,COM,"Prevalence of HIV, total (% of population ages 15-49)",SH.DYN.AIDS.ZS,,,,,,,,,,,,,,,,,,,,,,,,,,,,,,,0.1,0.1,0.1,0.1,0.1,0.1,0.1,0.1,0.1,0.1,0.1,0.1,0.1,0.1,0.1,0.1,0.1,0.1,0.1,0.1,0.1,0.1,0.1,0.1,0.1,0.1,0.1,0.1,0.1,0.1,0.1,0.1,0.1,0.1,0.1
Cabo Verde,CPV,"Prevalence of HIV, total (% of population ages 15-49)",SH.DYN.AIDS.ZS,,,,,,,,,,,,,,,,,,,,,,,,,,,,,,,0.5,0.5,0.5,0.6,0.6,0.6,0.6,0.6,0.6,0.7,0.7,0.7,0.7,0.7,0.7,0.7,0.7,0.7,0.7,0.7,0.7,0.7,0.7,0.7,0.8,0.8,0.8,0.8,0.8,0.9,0.9,0.9,0.9,0.9,0.9
Costa Rica,CRI,"Prevalence of HIV, total (% of population ages 15-49)",SH.DYN.AIDS.ZS,,,,,,,,,,,,,,,,,,,,,,,,,,,,,,,0.1,0.1,0.1,0.1,0.1,0.1,0.1,0.1,0.1,0.1,0.1,0.2,0.2,0.2,0.2,0.2,0.2,0.3,0.3,0.3,0.3,0.3,0.4,0.4,0.4,0.4,0.5,0.5,0.5,0.5,0.5,0.6,0.6,0.6,0.6
Caribbean small states,CSS,"Prevalence of HIV, total (% of population ages 15-49)",SH.DYN.AIDS.ZS,,,,,,,,,,,,,,,,,,,,,,,,,,,,,,,,,,,,,,,,,,,,,,,,,,,,,,,,,,,,1.290695421,1.277019189,1.265128639,1.269220495,1.281858843,1.274375907
Cuba,CUB,"Prevalence of HIV, total (% of population ages 15-49)",SH.DYN.AIDS.ZS,,,,,,,,,,,,,,,,,,,,,,,,,,,,,,,0.1,0.1,0.1,0.1,0.1,0.1,0.1,0.1,0.1,0.1,0.1,0.1,0.1,0.1,0.2,0.2,0.2,0.2,0.3,0.3,0.3,0.4,0.4,0.4,0.4,0.5,0.5,0.5,0.5,0.5,0.6,0.6,0.6,0.6,0.6
Curacao,CUW,"Prevalence of HIV, total (% of population ages 15-49)",SH.DYN.AIDS.ZS,,,,,,,,,,,,,,,,,,,,,,,,,,,,,,,,,,,,,,,,,,,,,,,,,,,,,,,,,,,,,,,,,
Cayman Islands,CYM,"Prevalence of HIV, total (% of population ages 15-49)",SH.DYN.AIDS.ZS,,,,,,,,,,,,,,,,,,,,,,,,,,,,,,,,,,,,,,,,,,,,,,,,,,,,,,,,,,,,,,,,,
Cyprus,CYP,"Prevalence of HIV, total (% of population ages 15-49)",SH.DYN.AIDS.ZS,,,,,,,,,,,,,,,,,,,,,,,,,,,,,,,,,,,,,,,,,,,,,,,,,,,,,,,,,,,,,,,,,
Czechia,CZE,"Prevalence of HIV, total (% of population ages 15-49)",SH.DYN.AIDS.ZS,,,,,,,,,,,,,,,,,,,,,,,,,,,,,,,,,,,,,,,,,,,,,,,,,,,,,,,,,,,,,,,,,
Germany,DEU,"Prevalence of HIV, total (% of population ages 15-49)",SH.DYN.AIDS.ZS,,,,,,,,,,,,,,,,,,,,,,,,,,,,,,,,,,,,,,,,,,,,,,,,,,,0.1,0.1,0.1,0.1,0.1,0.1,0.1,0.1,0.1,0.1,0.1,0.1,0.1,0.2,0.2
Djibouti,DJI,"Prevalence of HIV, total (% of population ages 15-49)",SH.DYN.AIDS.ZS,,,,,,,,,,,,,,,,,,,,,,,,,,,,,,,0.9,1.2,1.7,2,2.4,2.7,3,3.2,3.4,3.5,3.6,3.6,3.6,3.5,3.4,3.3,3.2,3,2.8,2.7,2.5,2.4,2.2,2,1.9,1.7,1.6,1.5,1.4,1.3,1.2,1.1,1,1,0.9
Dominica,DMA,"Prevalence of HIV, total (% of population ages 15-49)",SH.DYN.AIDS.ZS,,,,,,,,,,,,,,,,,,,,,,,,,,,,,,,0.4,0.4,0.4,0.4,0.4,0.4,0.4,0.4,0.4,0.4,0.4,0.4,0.4,0.4,0.4,0.4,0.4,0.4,0.4,0.4,0.4,0.4,0.4,0.4,0.4,0.4,0.4,0.5,0.5,0.5,0.5,0.5,0.5,0.5,0.5
Denmark,DNK,"Prevalence of HIV, total (% of population ages 15-49)",SH.DYN.AIDS.ZS,,,,,,,,,,,,,,,,,,,,,,,,,,,,,,,0.1,0.1,0.1,0.1,0.1,0.1,0.1,0.1,0.1,0.1,0.1,0.1,0.1,0.1,0.1,0.1,0.1,0.1,0.1,0.1,0.1,0.1,0.1,0.1,0.1,0.1,0.1,0.1,0.1,0.1,0.1,0.1,0.1,0.1,0.1
Dominican Republic,DOM,"Prevalence of HIV, total (% of population ages 15-49)",SH.DYN.AIDS.ZS,,,,,,,,,,,,,,,,,,,,,,,,,,,,,,,0.4,0.6,0.8,1,1.1,1.2,1.3,1.4,1.4,1.4,1.4,1.4,1.4,1.4,1.3,1.3,1.3,1.2,1.2,1.2,1.2,1.2,1.1,1.1,1.1,1.1,1.1,1.1,1,1,1,1,1,1,1
Algeria,DZA,"Prevalence of HIV, total (% of population ages 15-49)",SH.DYN.AIDS.ZS,,,,,,,,,,,,,,,,,,,,,,,,,,,,,,,0.1,0.1,0.1,0.1,0.1,0.1,0.1,0.1,0.1,0.1,0.1,0.1,0.1,0.1,0.1,0.1,0.1,0.1,0.1,0.1,0.1,0.1,0.1,0.1,0.1,0.1,0.1,0.1,0.1,0.1,0.1,0.1,0.1,0.1,0.1
East Asia & Pacific (excluding high income),EAP,"Prevalence of HIV, total (% of population ages 15-49)",SH.DYN.AIDS.ZS,,,,,,,,,,,,,,,,,,,,,,,,,,,,,,,,,,,,,,,,,,,,,,,,,,,,,,,,,,,,,,,,,
Early-demographic dividend,EAR,"Prevalence of HIV, total (% of population ages 15-49)",SH.DYN.AIDS.ZS,,,,,,,,,,,,,,,,,,,,,,,,,,,,,,,,,,,,,,,,,,,,,,,,,,,,,,,,,,,,,,,,,0.721280165
East Asia & Pacific,EAS,"Prevalence of HIV, total (% of population ages 15-49)",SH.DYN.AIDS.ZS,,,,,,,,,,,,,,,,,,,,,,,,,,,,,,,,,,,,,,,,,,,,,,,,,,,,,,,,,,,,,,,,,
Europe & Central Asia (excluding high income),ECA,"Prevalence of HIV, total (% of population ages 15-49)",SH.DYN.AIDS.ZS,,,,,,,,,,,,,,,,,,,,,,,,,,,,,,,,,,,,,,,,,,,,,,,,,,,,,,,,,,,,,,,,,
Europe & Central Asia,ECS,"Prevalence of HIV, total (% of population ages 15-49)",SH.DYN.AIDS.ZS,,,,,,,,,,,,,,,,,,,,,,,,,,,,,,,,,,,,,,,,,,,,,,,,,,,,,,,,,,,,,,,,,
Ecuador,ECU,"Prevalence of HIV, total (% of population ages 15-49)",SH.DYN.AIDS.ZS,,,,,,,,,,,,,,,,,,,,,,,,,,,,,,,0.1,0.1,0.1,0.1,0.2,0.2,0.2,0.3,0.3,0.3,0.3,0.3,0.4,0.4,0.4,0.4,0.4,0.4,0.4,0.4,0.4,0.4,0.4,0.4,0.4,0.4,0.4,0.4,0.4,0.4,0.4,0.4,0.4,0.4,0.4
"Egypt, Arab Rep.",EGY,"Prevalence of HIV, total (% of population ages 15-49)",SH.DYN.AIDS.ZS,,,,,,,,,,,,,,,,,,,,,,,,,,,,,,,0.1,0.1,0.1,0.1,0.1,0.1,0.1,0.1,0.1,0.1,0.1,0.1,0.1,0.1,0.1,0.1,0.1,0.1,0.1,0.1,0.1,0.1,0.1,0.1,0.1,0.1,0.1,0.1,0.1,0.1,0.1,0.1,0.1,0.1,0.1
Euro area,EMU,"Prevalence of HIV, total (% of population ages 15-49)",SH.DYN.AIDS.ZS,,,,,,,,,,,,,,,,,,,,,,,,,,,,,,,0.182017007,0.18665127,0.187055781,0.2356494,0.236051093,0.236416739,0.241212142,0.241698571,0.243096453,0.243407325,0.244752214,0.250516575,0.25176447,0.254178539,0.255458385,0.256136692,0.313575368,0.294772795,0.299799783,0.301981209,0.256125111,0.256844747,0.257371325,0.25711786,0.257646679,0.25707629,0.256640284,0.256593436,0.24185169,0.238735114,0.238779237,0.239104697,0.242130685,0.260101135,0.261145507
Eritrea,ERI,"Prevalence of HIV, total (% of population ages 15-49)",SH.DYN.AIDS.ZS,,,,,,,,,,,,,,,,,,,,,,,,,,,,,,,1.5,1.7,1.9,2.2,2.3,2.4,2.4,2.5,2.5,2.4,2.3,2.2,2,1.9,1.7,1.6,1.4,1.3,1.2,1.1,1,1,0.9,0.8,0.8,0.7,0.7,0.6,0.6,0.6,0.5,0.5,0.5,0.4,0.4
Spain,ESP,"Prevalence of HIV, total (% of population ages 15-49)",SH.DYN.AIDS.ZS,,,,,,,,,,,,,,,,,,,,,,,,,,,,,,,0.4,0.4,0.4,0.5,0.5,0.5,0.5,0.5,0.5,0.5,0.5,0.5,0.5,0.5,0.5,0.5,0.5,0.4,0.4,0.4,0.4,0.4,0.4,0.4,0.4,0.4,0.4,0.4,0.3,0.3,0.3,0.3,0.3,0.3,0.3
Estonia,EST,"Prevalence of HIV, total (% of population ages 15-49)",SH.DYN.AIDS.ZS,,,,,,,,,,,,,,,,,,,,,,,,,,,,,,,0.1,0.1,0.1,0.1,0.1,0.1,0.1,0.1,0.1,0.1,0.1,0.2,0.3,0.4,0.5,0.5,0.6,0.6,0.7,0.7,0.8,0.8,0.8,0.8,0.8,0.8,0.8,0.8,0.8,0.8,0.8,0.8,0.8,0.7,0.7
Ethiopia,ETH,"Prevalence of HIV, total (% of population ages 15-49)",SH.DYN.AIDS.ZS,,,,,,,,,,,,,,,,,,,,,,,,,,,,,,,2.2,2.6,3,3.3,3.4,3.4,3.4,3.3,3.1,2.9,2.7,2.6,2.4,2.2,2,1.8,1.7,1.6,1.5,1.4,1.4,1.3,1.3,1.2,1.2,1.1,1.1,1,1,0.9,0.9,0.8,0.8,0.7,0.7
European Union,EUU,"Prevalence of HIV, total (% of population ages 15-49)",SH.DYN.AIDS.ZS,,,,,,,,,,,,,,,,,,,,,,,,,,,,,,,,,,,,,,,,,,,,,,,,,,,0.2378987,0.238449755,0.238867128,0.238598607,0.238992375,0.238448909,0.238039112,0.238026248,0.225163917,0.228004033,0.228043319,0.228297541,0.230941515,0.251228393,
Fragile and conflict affected situations,FCS,"Prevalence of HIV, total (% of population ages 15-49)",SH.DYN.AIDS.ZS,,,,,,,,,,,,,,,,,,,,,,,,,,,,,,,1.44866993,1.686895925,1.892070916,2.04746855,2.172496536,2.275267724,2.346827995,2.396150193,2.413668939,2.40238238,2.360449231,2.331720029,2.264748641,2.209501117,2.155586171,2.063438901,2.009206621,1.947235089,1.905312693,1.876523104,1.846044222,1.792911016,1.774690839,1.719012498,1.707458216,1.65172806,1.637416758,1.571827281,1.555433641,1.502981356,1.457978059,1.419757062,1.369580923,1.309809292,1.274597893
Finland,FIN,"Prevalence of HIV, total (% of population ages 15-49)",SH.DYN.AIDS.ZS,,,,,,,,,,,,,,,,,,,,,,,,,,,,,,,,,,,,,,,,,,,,,,,,,,,,,,,,,,,,,,,,,
Fiji,FJI,"Prevalence of HIV, total (% of population ages 15-49)",SH.DYN.AIDS.ZS,,,,,,,,,,,,,,,,,,,,,,,,,,,,,,,0.1,0.1,0.1,0.1,0.1,0.1,0.1,0.1,0.1,0.1,0.1,0.1,0.1,0.1,0.1,0.1,0.1,0.1,0.1,0.1,0.1,0.1,0.1,0.1,0.1,0.1,0.2,0.2,0.3,0.3,0.4,0.5,0.7,0.8,1
France,FRA,"Prevalence of HIV, total (% of population ages 15-49)",SH.DYN.AIDS.ZS,,,,,,,,,,,,,,,,,,,,,,,,,,,,,,,0.1,0.1,0.1,0.2,0.2,0.2,0.2,0.2,0.2,0.2,0.2,0.2,0.2,0.2,0.2,0.2,0.3,0.3,0.3,0.3,0.3,0.3,0.3,0.3,0.3,0.3,0.3,0.3,0.3,0.3,0.3,0.3,0.3,0.3,
Faroe Islands,FRO,"Prevalence of HIV, total (% of population ages 15-49)",SH.DYN.AIDS.ZS,,,,,,,,,,,,,,,,,,,,,,,,,,,,,,,,,,,,,,,,,,,,,,,,,,,,,,,,,,,,,,,,,
"Micronesia, Fed. Sts.",FSM,"Prevalence of HIV, total (% of population ages 15-49)",SH.DYN.AIDS.ZS,,,,,,,,,,,,,,,,,,,,,,,,,,,,,,,,,,,,,,,,,,,,,,,,,,,,,,,,,,,,,,,,,
Gabon,GAB,"Prevalence of HIV, total (% of population ages 15-49)",SH.DYN.AIDS.ZS,,,,,,,,,,,,,,,,,,,,,,,,,,,,,,,1.3,1.6,2,2.4,2.9,3.4,3.8,4.2,4.5,4.7,4.7,4.8,4.8,4.7,4.7,4.6,4.6,4.5,4.4,4.4,4.3,4.2,4.1,4,4,3.9,3.8,3.7,3.6,3.4,3.3,3.2,3,2.9,2.8
United Kingdom,GBR,"Prevalence of HIV, total (% of population ages 15-49)",SH.DYN.AIDS.ZS,,,,,,,,,,,,,,,,,,,,,,,,,,,,,,,,,,,,,,,,,,,,,,,,,,,,,,,,,0.2,0.2,0.2,0.2,0.2,0.2,0.2,0.2,
Georgia,GEO,"Prevalence of HIV, total (% of population ages 15-49)",SH.DYN.AIDS.ZS,,,,,,,,,,,,,,,,,,,,,,,,,,,,,,,0.1,0.1,0.1,0.1,0.1,0.1,0.1,0.1,0.1,0.1,0.1,0.1,0.1,0.1,0.1,0.1,0.1,0.1,0.1,0.1,0.1,0.1,0.1,0.2,0.2,0.2,0.2,0.3,0.3,0.3,0.3,0.3,0.4,0.4,0.4
Ghana,GHA,"Prevalence of HIV, total (% of population ages 15-49)",SH.DYN.AIDS.ZS,,,,,,,,,,,,,,,,,,,,,,,,,,,,,,,1.3,1.6,1.9,2.1,2.3,2.4,2.5,2.6,2.6,2.6,2.6,2.5,2.4,2.4,2.3,2.2,2.1,2.1,2,2,1.9,1.9,1.9,1.9,1.8,1.8,1.8,1.7,1.7,1.7,1.6,1.6,1.6,1.5,1.5
Gibraltar,GIB,"Prevalence of HIV, total (% of population ages 15-49)",SH.DYN.AIDS.ZS,,,,,,,,,,,,,,,,,,,,,,,,,,,,,,,,,,,,,,,,,,,,,,,,,,,,,,,,,,,,,,,,,
Guinea,GIN,"Prevalence of HIV, total (% of population ages 15-49)",SH.DYN.AIDS.ZS,,,,,,,,,,,,,,,,,,,,,,,,,,,,,,,0.3,0.4,0.5,0.6,0.8,0.9,1,1.1,1.3,1.4,1.5,1.5,1.6,1.6,1.7,1.7,1.7,1.7,1.7,1.7,1.7,1.7,1.7,1.7,1.7,1.7,1.6,1.6,1.6,1.5,1.5,1.5,1.4,1.4,1.3
"Gambia, The",GMB,"Prevalence of HIV, total (% of population ages 15-49)",SH.DYN.AIDS.ZS,,,,,,,,,,,,,,,,,,,,,,,,,,,,,,,0.2,0.3,0.3,0.5,0.6,0.8,0.9,1.1,1.3,1.5,1.6,1.7,1.8,1.9,1.9,2,2,2,2,2,2,2,2,1.9,1.9,1.9,1.8,1.8,1.7,1.6,1.6,1.5,1.4,1.4,1.3
Guinea-Bissau,GNB,"Prevalence of HIV, total (% of population ages 15-49)",SH.DYN.AIDS.ZS,,,,,,,,,,,,,,,,,,,,,,,,,,,,,,,0.2,0.3,0.5,0.6,0.9,1.2,1.6,2.2,2.8,3.3,3.8,4.2,4.4,4.5,4.5,4.4,4.4,4.3,4.2,4.1,4,3.8,3.7,3.6,3.4,3.3,3.2,3,2.9,2.8,2.7,2.5,2.4,2.3,2.2
Equatorial Guinea,GNQ,"Prevalence of HIV, total (% of population ages 15-49)",SH.DYN.AIDS.ZS,,,,,,,,,,,,,,,,,,,,,,,,,,,,,,,,,,,,,,,,,,,,,,,,,,,,,,,,,,,,,,,,,
Greece,GRC,"Prevalence of HIV, total (% of population ages 15-49)",SH.DYN.AIDS.ZS,,,,,,,,,,,,,,,,,,,,,,,,,,,,,,,0.1,0.1,0.1,0.1,0.1,0.1,0.1,0.1,0.1,0.1,0.1,0.1,0.1,0.1,0.1,0.1,0.1,0.1,0.1,0.1,0.2,0.2,0.2,0.2,0.2,0.2,0.2,0.2,0.2,0.2,0.2,0.2,0.3,0.3,0.3
Grenada,GRD,"Prevalence of HIV, total (% of population ages 15-49)",SH.DYN.AIDS.ZS,,,,,,,,,,,,,,,,,,,,,,,,,,,,,,,,,,,,,,,,,,,,,,,,,,,,,,,,,,,,,,,,,
Greenland,GRL,"Prevalence of HIV, total (% of population ages 15-49)",SH.DYN.AIDS.ZS,,,,,,,,,,,,,,,,,,,,,,,,,,,,,,,,,,,,,,,,,,,,,,,,,,,,,,,,,,,,,,,,,
Guatemala,GTM,"Prevalence of HIV, total (% of population ages 15-49)",SH.DYN.AIDS.ZS,,,,,,,,,,,,,,,,,,,,,,,,,,,,,,,0.2,0.2,0.3,0.3,0.4,0.4,0.4,0.4,0.4,0.4,0.4,0.4,0.4,0.4,0.4,0.4,0.4,0.3,0.3,0.3,0.3,0.3,0.3,0.3,0.3,0.3,0.3,0.3,0.2,0.2,0.2,0.2,0.2,0.2,0.2
Guam,GUM,"Prevalence of HIV, total (% of population ages 15-49)",SH.DYN.AIDS.ZS,,,,,,,,,,,,,,,,,,,,,,,,,,,,,,,,,,,,,,,,,,,,,,,,,,,,,,,,,,,,,,,,,
Guyana,GUY,"Prevalence of HIV, total (% of population ages 15-49)",SH.DYN.AIDS.ZS,,,,,,,,,,,,,,,,,,,,,,,,,,,,,,,0.2,0.2,0.3,0.4,0.4,0.5,0.6,0.7,0.8,0.8,0.9,1,1,1.1,1.1,1.2,1.2,1.3,1.3,1.3,1.4,1.4,1.4,1.4,1.4,1.4,1.5,1.5,1.5,1.5,1.5,1.5,1.5,1.6,1.6
High income,HIC,"Prevalence of HIV, total (% of population ages 15-49)",SH.DYN.AIDS.ZS,,,,,,,,,,,,,,,,,,,,,,,,,,,,,,,,,,,,,,,,,,,,,,,,,,,,,,,,,,,,,,,,,
"Hong Kong SAR, China",HKG,"Prevalence of HIV, total (% of population ages 15-49)",SH.DYN.AIDS.ZS,,,,,,,,,,,,,,,,,,,,,,,,,,,,,,,,,,,,,,,,,,,,,,,,,,,,,,,,,,,,,,,,,
Honduras,HND,"Prevalence of HIV, total (% of population ages 15-49)",SH.DYN.AIDS.ZS,,,,,,,,,,,,,,,,,,,,,,,,,,,,,,,0.4,0.5,0.6,0.6,0.7,0.8,0.8,0.8,0.8,0.8,0.8,0.8,0.7,0.7,0.6,0.6,0.5,0.5,0.5,0.4,0.4,0.4,0.3,0.3,0.3,0.3,0.3,0.2,0.2,0.2,0.2,0.2,0.2,0.2,0.2
Heavily indebted poor countries (HIPC),HPC,"Prevalence of HIV, total (% of population ages 15-49)",SH.DYN.AIDS.ZS,,,,,,,,,,,,,,,,,,,,,,,,,,,,,,,2.538353562,2.862575449,3.145693427,3.364956572,3.517765352,3.604776728,3.676156628,3.712622696,3.703913899,3.655399894,3.595982387,3.521850975,3.410492915,3.29747604,3.190602485,3.080670111,2.987816154,2.916503006,2.851764524,2.810804663,2.766221189,2.724908066,2.690884873,2.642504206,2.612795685,2.559433584,2.519927524,2.453729048,2.408888855,2.34200405,2.276609949,2.201356354,2.138773148,2.049845743,1.965156934
Croatia,HRV,"Prevalence of HIV, total (% of population ages 15-49)",SH.DYN.AIDS.ZS,,,,,,,,,,,,,,,,,,,,,,,,,,,,,,,0.1,0.1,0.1,0.1,0.1,0.1,0.1,0.1,0.1,0.1,0.1,0.1,0.1,0.1,0.1,0.1,0.1,0.1,0.1,0.1,0.1,0.1,0.1,0.1,0.1,0.1,0.1,0.1,0.1,0.1,0.1,0.1,0.1,0.1,0.1
Haiti,HTI,"Prevalence of HIV, total (% of population ages 15-49)",SH.DYN.AIDS.ZS,,,,,,,,,,,,,,,,,,,,,,,,,,,,,,,2.2,2.4,2.6,2.7,2.7,2.7,2.7,2.7,2.6,2.6,2.5,2.4,2.3,2.2,2.2,2.1,2,1.9,1.9,1.9,1.8,1.8,1.7,1.7,1.7,1.7,1.7,1.7,1.7,1.7,1.7,1.7,1.7,1.7,1.6
Hungary,HUN,"Prevalence of HIV, total (% of population ages 15-49)",SH.DYN.AIDS.ZS,,,,,,,,,,,,,,,,,,,,,,,,,,,,,,,,,,,,,,,,,,,,,,,,,,,,,,,,,,,,,,,,,
IBRD only,IBD,"Prevalence of HIV, total (% of population ages 15-49)",SH.DYN.AIDS.ZS,,,,,,,,,,,,,,,,,,,,,,,,,,,,,,,,,,,,,,,,,,,,,,,,,,,,,,,,,,,,,,,,,
IDA & IBRD total,IBT,"Prevalence of HIV, total (% of population ages 15-49)",SH.DYN.AIDS.ZS,,,,,,,,,,,,,,,,,,,,,,,,,,,,,,,,,,,,,,,,,,,,,,,,,,,,,,,,,,,,,,,,,0.955594863
IDA total,IDA,"Prevalence of HIV, total (% of population ages 15-49)",SH.DYN.AIDS.ZS,,,,,,,,,,,,,,,,,,,,,,,,,,,,,,,1.595510132,1.833736581,2.04431719,2.216531206,2.341584271,2.430827876,2.486085358,2.517215155,2.518755628,2.486689445,2.442405263,2.386508982,2.316003625,2.251138069,2.180580097,2.100415685,2.045202762,1.992491661,1.954832633,1.930299412,1.909881959,1.874714437,1.860250959,1.828540519,1.818917366,1.782155049,1.761187806,1.715930197,1.703908295,1.653187726,1.602772668,1.561661063,1.510749081,1.446918982,1.398639742
IDA blend,IDB,"Prevalence of HIV, total (% of population ages 15-49)",SH.DYN.AIDS.ZS,,,,,,,,,,,,,,,,,,,,,,,,,,,,,,,1.836868007,2.178246753,2.49251531,2.744320856,2.938974321,3.091092131,3.171103918,3.212320657,3.21638666,3.15868878,3.074054458,2.962868668,2.855145981,2.749447136,2.630911406,2.490409784,2.406968391,2.296511843,2.229841736,2.175212779,2.134084032,2.058892123,2.022958412,1.95366442,1.920986468,1.844569196,1.810492682,1.736134967,1.733436914,1.654427708,1.579300303,1.544365861,1.465683154,1.387923324,1.345520252
Indonesia,IDN,"Prevalence of HIV, total (% of population ages 15-49)",SH.DYN.AIDS.ZS,,,,,,,,,,,,,,,,,,,,,,,,,,,,,,,0.1,0.1,0.1,0.1,0.1,0.1,0.1,0.1,0.1,0.1,0.1,0.1,0.1,0.1,0.1,0.2,0.2,0.2,0.3,0.3,0.3,0.3,0.3,0.3,0.4,0.4,0.4,0.4,0.4,0.4,0.4,0.4,0.4,0.4,0.4
IDA only,IDX,"Prevalence of HIV, total (% of population ages 15-49)",SH.DYN.AIDS.ZS,,,,,,,,,,,,,,,,,,,,,,,,,,,,,,,1.478977922,1.666471447,1.826897546,1.961098341,2.052617431,2.111083133,2.152802663,2.177108834,2.175715493,2.154941533,2.128945613,2.09863492,2.045726969,2.000560245,1.953008396,1.902452571,1.860959921,1.836949742,1.813376131,1.803719439,1.793580256,1.779045285,1.775792343,1.763625262,1.766043512,1.74991311,1.735826925,1.705573081,1.688809825,1.652555514,1.614718993,1.570461444,1.533672045,1.476881069,1.425596945
Isle of Man,IMN,"Prevalence of HIV, total (% of population ages 15-49)",SH.DYN.AIDS.ZS,,,,,,,,,,,,,,,,,,,,,,,,,,,,,,,,,,,,,,,,,,,,,,,,,,,,,,,,,,,,,,,,,
India,IND,"Prevalence of HIV, total (% of population ages 15-49)",SH.DYN.AIDS.ZS,,,,,,,,,,,,,,,,,,,,,,,,,,,,,,,,,,,,,,,,,,,,,,,,,,,,,,,,,,,,,,,,,0.2
Not classified,INX,"Prevalence of HIV, total (% of population ages 15-49)",SH.DYN.AIDS.ZS,,,,,,,,,,,,,,,,,,,,,,,,,,,,,,,,,,,,,,,,,,,,,,,,,,,,,,,,,,,,,,,,,
Ireland,IRL,"Prevalence of HIV, total (% of population ages 15-49)",SH.DYN.AIDS.ZS,,,,,,,,,,,,,,,,,,,,,,,,,,,,,,,0.1,0.1,0.1,0.1,0.1,0.1,0.1,0.1,0.1,0.1,0.1,0.1,0.1,0.1,0.1,0.1,0.1,0.1,0.1,0.2,0.2,0.2,0.2,0.2,0.2,0.2,0.2,0.2,0.2,0.2,0.2,0.2,0.2,0.2,0.2
"Iran, Islamic Rep.",IRN,"Prevalence of HIV, total (% of population ages 15-49)",SH.DYN.AIDS.ZS,,,,,,,,,,,,,,,,,,,,,,,,,,,,,,,,,,,,,,,,,,,,,,,,,,,,,,,,,,,,,,,,,
Iraq,IRQ,"Prevalence of HIV, total (% of population ages 15-49)",SH.DYN.AIDS.ZS,,,,,,,,,,,,,,,,,,,,,,,,,,,,,,,0.1,0.1,0.1,0.1,0.1,0.1,0.1,0.1,0.1,0.1,0.1,0.1,0.1,0.1,0.1,0.1,0.1,0.1,0.1,0.1,0.1,0.1,0.1,0.1,0.1,0.1,0.1,0.1,0.1,0.1,0.1,0.1,0.1,0.1,0.1
Iceland,ISL,"Prevalence of HIV, total (% of population ages 15-49)",SH.DYN.AIDS.ZS,,,,,,,,,,,,,,,,,,,,,,,,,,,,,,,0.1,0.1,0.1,0.1,0.1,0.1,0.1,0.1,0.1,0.1,0.1,0.1,0.1,0.1,0.1,0.1,0.1,0.1,0.1,0.1,0.1,0.1,0.1,0.1,0.1,0.1,0.1,0.1,0.1,0.1,0.1,0.1,0.1,0.1,0.1
Israel,ISR,"Prevalence of HIV, total (% of population ages 15-49)",SH.DYN.AIDS.ZS,,,,,,,,,,,,,,,,,,,,,,,,,,,,,,,,,,,,,,,,,,,,,,,,,,,,,,,,,,,,,,,,,
Italy,ITA,"Prevalence of HIV, total (% of population ages 15-49)",SH.DYN.AIDS.ZS,,,,,,,,,,,,,,,,,,,,,,,,,,,,,,,0.2,0.2,0.2,0.2,0.2,0.2,0.2,0.2,0.2,0.2,0.2,0.2,0.2,0.2,0.2,0.2,0.3,0.3,0.3,0.3,0.3,0.3,0.3,0.3,0.3,0.3,0.3,0.3,0.3,0.3,0.3,0.3,0.3,0.3,0.3
Jamaica,JAM,"Prevalence of HIV, total (% of population ages 15-49)",SH.DYN.AIDS.ZS,,,,,,,,,,,,,,,,,,,,,,,,,,,,,,,0.4,0.6,0.8,1,1.1,1.3,1.4,1.6,1.6,1.7,1.7,1.7,1.7,1.7,1.7,1.6,1.6,1.6,1.5,1.5,1.5,1.5,1.4,1.4,1.4,1.3,1.3,1.3,1.3,1.2,1.2,1.2,1.2,1.2,1.1
Jordan,JOR,"Prevalence of HIV, total (% of population ages 15-49)",SH.DYN.AIDS.ZS,,,,,,,,,,,,,,,,,,,,,,,,,,,,,,,0.1,0.1,0.1,0.1,0.1,0.1,0.1,0.1,0.1,0.1,0.1,0.1,0.1,0.1,0.1,0.1,0.1,0.1,0.1,0.1,0.1,0.1,0.1,0.1,0.1,0.1,0.1,0.1,0.1,0.1,0.1,0.1,0.1,0.1,0.1
Japan,JPN,"Prevalence of HIV, total (% of population ages 15-49)",SH.DYN.AIDS.ZS,,,,,,,,,,,,,,,,,,,,,,,,,,,,,,,,,,,,,,,,,,,,,,,,,,,,,,,,,,,,,,,,,
Kazakhstan,KAZ,"Prevalence of HIV, total (% of population ages 15-49)",SH.DYN.AIDS.ZS,,,,,,,,,,,,,,,,,,,,,,,,,,,,,,,0.1,0.1,0.1,0.1,0.1,0.1,0.1,0.1,0.1,0.1,0.1,0.1,0.1,0.1,0.1,0.1,0.1,0.1,0.1,0.1,0.1,0.2,0.2,0.2,0.2,0.2,0.3,0.3,0.3,0.3,0.3,0.3,0.3,0.3,0.3
Kenya,KEN,"Prevalence of HIV, total (% of population ages 15-49)",SH.DYN.AIDS.ZS,,,,,,,,,,,,,,,,,,,,,,,,,,,,,,,5.5,6.9,8.1,9.1,9.7,10,10.1,9.9,9.6,9.2,8.8,8.3,7.8,7.4,6.9,6.5,6.2,6,5.8,5.6,5.5,5.3,5.2,5,4.9,4.7,4.5,4.3,4.1,3.9,3.7,3.6,3.4,3.2,3
Kyrgyz Republic,KGZ,"Prevalence of HIV, total (% of population ages 15-49)",SH.DYN.AIDS.ZS,,,,,,,,,,,,,,,,,,,,,,,,,,,,,,,0.1,0.1,0.1,0.1,0.1,0.1,0.1,0.1,0.1,0.1,0.1,0.1,0.1,0.1,0.1,0.1,0.1,0.1,0.1,0.1,0.1,0.1,0.2,0.2,0.2,0.2,0.2,0.2,0.2,0.2,0.3,0.3,0.3,0.3,0.3
Cambodia,KHM,"Prevalence of HIV, total (% of population ages 15-49)",SH.DYN.AIDS.ZS,,,,,,,,,,,,,,,,,,,,,,,,,,,,,,,0.1,0.1,0.1,0.2,0.4,0.6,0.8,0.9,1.1,1.1,1.2,1.1,1.1,1.1,1,1,1,0.9,0.9,0.9,0.9,0.9,0.8,0.8,0.8,0.8,0.7,0.7,0.7,0.6,0.6,0.6,0.6,0.5,0.5
Kiribati,KIR,"Prevalence of HIV, total (% of population ages 15-49)",SH.DYN.AIDS.ZS,,,,,,,,,,,,,,,,,,,,,,,,,,,,,,,,,,,,,,,,,,,,,,,,,,,,,,,,,,,,,,,,,
St. Kitts and Nevis,KNA,"Prevalence of HIV, total (% of population ages 15-49)",SH.DYN.AIDS.ZS,,,,,,,,,,,,,,,,,,,,,,,,,,,,,,,0.2,0.3,0.3,0.3,0.3,0.3,0.3,0.3,0.3,0.3,0.4,0.4,0.4,0.4,0.4,0.4,0.4,0.4,0.5,0.5,0.5,0.5,0.5,0.6,0.6,0.6,0.6,0.6,0.7,0.7,0.7,0.7,0.7,0.8,0.8
"Korea, Rep.",KOR,"Prevalence of HIV, total (% of population ages 15-49)",SH.DYN.AIDS.ZS,,,,,,,,,,,,,,,,,,,,,,,,,,,,,,,,,,,,,,,,,,,,,,,,,,,,,,,,,,,,,,,,,
Kuwait,KWT,"Prevalence of HIV, total (% of population ages 15-49)",SH.DYN.AIDS.ZS,,,,,,,,,,,,,,,,,,,,,,,,,,,,,,,0.1,0.1,0.1,0.1,0.1,0.1,0.1,0.1,0.1,0.1,0.1,0.1,0.1,0.1,0.1,0.1,0.1,0.1,0.1,0.1,0.1,0.1,0.1,0.1,0.1,0.1,0.1,0.1,0.1,0.1,0.1,0.1,0.1,0.1,0.1
Latin America & Caribbean (excluding high income),LAC,"Prevalence of HIV, total (% of population ages 15-49)",SH.DYN.AIDS.ZS,,,,,,,,,,,,,,,,,,,,,,,,,,,,,,,0.158627537,0.212889653,0.24108514,0.250858941,0.259578974,0.31363055,0.339560363,0.355808751,0.362310997,0.364745403,0.364699421,0.37230994,0.373810805,0.372609322,0.372242702,0.386136961,0.391945749,0.386392425,0.388541819,0.426290315,0.423440974,0.42557966,0.42649782,0.464760113,0.486859806,0.4882211,0.525796353,0.52260262,0.517288987,0.526454055,0.56669145,0.566193348,0.565610821,0.564949284,0.584103509
Lao PDR,LAO,"Prevalence of HIV, total (% of population ages 15-49)",SH.DYN.AIDS.ZS,,,,,,,,,,,,,,,,,,,,,,,,,,,,,,,0.1,0.1,0.1,0.1,0.1,0.1,0.1,0.1,0.1,0.1,0.1,0.1,0.1,0.1,0.2,0.2,0.2,0.2,0.2,0.2,0.3,0.3,0.3,0.3,0.3,0.3,0.3,0.3,0.4,0.4,0.4,0.4,0.4,0.4,0.4
Lebanon,LBN,"Prevalence of HIV, total (% of population ages 15-49)",SH.DYN.AIDS.ZS,,,,,,,,,,,,,,,,,,,,,,,,,,,,,,,0.1,0.1,0.1,0.1,0.1,0.1,0.1,0.1,0.1,0.1,0.1,0.1,0.1,0.1,0.1,0.1,0.1,0.1,0.1,0.1,0.1,0.1,0.1,0.1,0.1,0.1,0.1,0.1,0.1,0.1,0.1,0.1,0.1,0.1,0.1
Liberia,LBR,"Prevalence of HIV, total (% of population ages 15-49)",SH.DYN.AIDS.ZS,,,,,,,,,,,,,,,,,,,,,,,,,,,,,,,1.8,2.2,2.4,2.7,2.8,2.8,2.9,2.9,2.9,2.8,2.7,2.6,2.5,2.4,2.3,2.2,2,1.9,1.9,1.8,1.7,1.6,1.6,1.5,1.4,1.4,1.3,1.3,1.2,1.2,1.1,1.1,1,1,0.9
Libya,LBY,"Prevalence of HIV, total (% of population ages 15-49)",SH.DYN.AIDS.ZS,,,,,,,,,,,,,,,,,,,,,,,,,,,,,,,0.1,0.1,0.1,0.1,0.1,0.1,0.1,0.1,0.1,0.1,0.1,0.1,0.1,0.1,0.1,0.1,0.1,0.1,0.1,0.1,0.1,0.1,0.1,0.1,0.1,0.1,0.1,0.1,0.1,0.1,0.1,0.1,0.1,0.1,0.1
St. Lucia,LCA,"Prevalence of HIV, total (% of population ages 15-49)",SH.DYN.AIDS.ZS,,,,,,,,,,,,,,,,,,,,,,,,,,,,,,,0.1,0.1,0.1,0.2,0.2,0.2,0.2,0.2,0.2,0.2,0.2,0.2,0.2,0.2,0.2,0.3,0.3,0.3,0.3,0.3,0.3,0.3,0.4,0.4,0.4,0.4,0.4,0.4,0.4,0.4,0.4,0.4,0.4,0.4,0.4
Latin America & Caribbean,LCN,"Prevalence of HIV, total (% of population ages 15-49)",SH.DYN.AIDS.ZS,,,,,,,,,,,,,,,,,,,,,,,,,,,,,,,0.155386864,0.205183863,0.231047709,0.24076023,0.248808737,0.298554113,0.326929398,0.342426123,0.351638837,0.358541411,0.358693475,0.371277992,0.373262437,0.377212467,0.381832892,0.394570297,0.402933748,0.399504518,0.401408893,0.435523687,0.433093142,0.4300064,0.435243612,0.469772988,0.489771809,0.490949319,0.52584513,0.525855275,0.521795699,0.530107988,0.566798505,0.570130103,0.569637226,0.573224297,0.593635393
Least developed countries: UN classification,LDC,"Prevalence of HIV, total (% of population ages 15-49)",SH.DYN.AIDS.ZS,,,,,,,,,,,,,,,,,,,,,,,,,,,,,,,1.583472816,1.781088281,1.949109914,2.0919214,2.187075165,2.249216339,2.294392258,2.320187774,2.317984257,2.297290633,2.270819814,2.239770516,2.187026696,2.136128169,2.089495215,2.036103094,1.994060693,1.971802516,1.948548532,1.936795633,1.927104753,1.911780607,1.904881192,1.883845582,1.882902905,1.861057061,1.843597994,1.81402808,1.792834313,1.754407199,1.716326773,1.668759923,1.626696857,1.569410904,1.514794815
Low income,LIC,"Prevalence of HIV, total (% of population ages 15-49)",SH.DYN.AIDS.ZS,,,,,,,,,,,,,,,,,,,,,,,,,,,,,,,2.194000343,2.416537662,2.592407248,2.715188535,2.813254519,2.859011395,2.926165031,2.959166756,2.982376025,2.953476169,2.925867995,2.882754183,2.810655387,2.733421652,2.683049596,2.616531635,2.543628659,2.486852447,2.443952356,2.431185136,2.393558886,2.365366789,2.352113205,2.324626432,2.323522321,2.291874814,2.261178013,2.206826237,2.162366531,2.113744007,2.046632475,1.989417446,1.925574135,1.860932589,1.778040714
Liechtenstein,LIE,"Prevalence of HIV, total (% of population ages 15-49)",SH.DYN.AIDS.ZS,,,,,,,,,,,,,,,,,,,,,,,,,,,,,,,,,,,,,,,,,,,,,,,,,,,,,,,,,,,,,,,,,
Sri Lanka,LKA,"Prevalence of HIV, total (% of population ages 15-49)",SH.DYN.AIDS.ZS,,,,,,,,,,,,,,,,,,,,,,,,,,,,,,,0.1,0.1,0.1,0.1,0.1,0.1,0.1,0.1,0.1,0.1,0.1,0.1,0.1,0.1,0.1,0.1,0.1,0.1,0.1,0.1,0.1,0.1,0.1,0.1,0.1,0.1,0.1,0.1,0.1,0.1,0.1,0.1,0.1,0.1,0.1
Lower middle income,LMC,"Prevalence of HIV, total (% of population ages 15-49)",SH.DYN.AIDS.ZS,,,,,,,,,,,,,,,,,,,,,,,,,,,,,,,,,,,,,,,,,,,,,,,,,,,,,,,,,,,,,,,,,0.628043916
Low & middle income,LMY,"Prevalence of HIV, total (% of population ages 15-49)",SH.DYN.AIDS.ZS,,,,,,,,,,,,,,,,,,,,,,,,,,,,,,,,,,,,,,,,,,,,,,,,,,,,,,,,,,,,,,,,,0.96875807
Lesotho,LSO,"Prevalence of HIV, total (% of population ages 15-49)",SH.DYN.AIDS.ZS,,,,,,,,,,,,,,,,,,,,,,,,,,,,,,,2.3,3.8,5.8,8.3,11.2,14.1,16.6,18.6,20.1,21.2,22,22.5,22.8,23.1,23.2,23.3,23.5,23.8,24.2,24.6,24.8,24.9,24.9,24.9,24.7,24.3,23.8,23.1,22.3,21.5,20.7,19.8,18.9,18,17.1
Late-demographic dividend,LTE,"Prevalence of HIV, total (% of population ages 15-49)",SH.DYN.AIDS.ZS,,,,,,,,,,,,,,,,,,,,,,,,,,,,,,,,,,,,,,,,,,,,,,,,,,,,,,,,,,,,,,,,,
Lithuania,LTU,"Prevalence of HIV, total (% of population ages 15-49)",SH.DYN.AIDS.ZS,,,,,,,,,,,,,,,,,,,,,,,,,,,,,,,0.1,0.1,0.1,0.1,0.1,0.1,0.1,0.1,0.1,0.1,0.1,0.1,0.1,0.1,0.1,0.1,0.1,0.1,0.1,0.1,0.1,0.1,0.1,0.1,0.2,0.2,0.2,0.2,0.2,0.2,0.2,0.2,0.2,0.2,0.2
Luxembourg,LUX,"Prevalence of HIV, total (% of population ages 15-49)",SH.DYN.AIDS.ZS,,,,,,,,,,,,,,,,,,,,,,,,,,,,,,,0.1,0.1,0.1,0.1,0.1,0.1,0.1,0.1,0.1,0.1,0.1,0.2,0.2,0.2,0.2,0.2,0.2,0.2,0.2,0.2,0.2,0.2,0.2,0.2,0.2,0.2,0.2,0.2,0.2,0.2,0.2,0.2,0.2,0.3,0.3
Latvia,LVA,"Prevalence of HIV, total (% of population ages 15-49)",SH.DYN.AIDS.ZS,,,,,,,,,,,,,,,,,,,,,,,,,,,,,,,0.1,0.1,0.1,0.1,0.1,0.1,0.1,0.1,0.2,0.2,0.3,0.3,0.3,0.4,0.4,0.4,0.4,0.5,0.5,0.5,0.5,0.5,0.6,0.6,0.6,0.6,0.6,0.6,0.6,0.6,0.6,0.6,0.6,0.5,0.5
"Macao SAR, China",MAC,"Prevalence of HIV, total (% of population ages 15-49)",SH.DYN.AIDS.ZS,,,,,,,,,,,,,,,,,,,,,,,,,,,,,,,,,,,,,,,,,,,,,,,,,,,,,,,,,,,,,,,,,
St. Martin (French part),MAF,"Prevalence of HIV, total (% of population ages 15-49)",SH.DYN.AIDS.ZS,,,,,,,,,,,,,,,,,,,,,,,,,,,,,,,,,,,,,,,,,,,,,,,,,,,,,,,,,,,,,,,,,
Morocco,MAR,"Prevalence of HIV, total (% of population ages 15-49)",SH.DYN.AIDS.ZS,,,,,,,,,,,,,,,,,,,,,,,,,,,,,,,0.1,0.1,0.1,0.1,0.1,0.1,0.1,0.1,0.1,0.1,0.1,0.1,0.1,0.1,0.1,0.1,0.1,0.1,0.1,0.1,0.1,0.1,0.1,0.1,0.1,0.1,0.1,0.1,0.1,0.1,0.1,0.1,0.1,0.1,0.1
Monaco,MCO,"Prevalence of HIV, total (% of population ages 15-49)",SH.DYN.AIDS.ZS,,,,,,,,,,,,,,,,,,,,,,,,,,,,,,,,,,,,,,,,,,,,,,,,,,,,,,,,,,,,,,,,,
Moldova,MDA,"Prevalence of HIV, total (% of population ages 15-49)",SH.DYN.AIDS.ZS,,,,,,,,,,,,,,,,,,,,,,,,,,,,,,,0.1,0.1,0.1,0.1,0.1,0.1,0.2,0.2,0.3,0.4,0.4,0.5,0.6,0.6,0.6,0.7,0.7,0.8,0.8,0.8,0.8,0.8,0.9,0.9,0.9,0.9,0.9,0.9,0.9,0.9,0.9,0.9,0.9,0.9,0.9
Madagascar,MDG,"Prevalence of HIV, total (% of population ages 15-49)",SH.DYN.AIDS.ZS,,,,,,,,,,,,,,,,,,,,,,,,,,,,,,,0.1,0.1,0.1,0.1,0.1,0.1,0.1,0.1,0.1,0.1,0.1,0.1,0.1,0.1,0.1,0.1,0.1,0.2,0.2,0.2,0.2,0.2,0.2,0.2,0.3,0.3,0.3,0.3,0.3,0.3,0.3,0.4,0.4,0.4,0.5
Maldives,MDV,"Prevalence of HIV, total (% of population ages 15-49)",SH.DYN.AIDS.ZS,,,,,,,,,,,,,,,,,,,,,,,,,,,,,,,0.1,0.1,0.1,0.1,0.1,0.1,0.1,0.1,0.1,0.1,0.1,0.1,0.1,0.1,0.1,0.1,0.1,0.1,0.1,0.1,0.1,0.1,0.1,0.1,0.1,0.1,0.1,0.1,0.1,0.1,0.1,0.1,0.1,0.1,0.1
"Middle East, North Africa, Afghanistan & Pakistan",MEA,"Prevalence of HIV, total (% of population ages 15-49)",SH.DYN.AIDS.ZS,,,,,,,,,,,,,,,,,,,,,,,,,,,,,,,0.101452748,0.10211258,0.102957684,0.103341026,0.10400272,0.10444424,0.104943712,0.105373426,0.105856408,0.106113352,0.10633558,0.106380876,0.106420544,0.106189426,0.105901547,0.105634137,0.105412983,0.10503865,0.104670057,0.104561847,0.104222892,0.104044811,0.103699059,0.103359319,0.103202336,0.10286682,0.102707212,0.102551532,0.13687967,0.136772364,0.136605249,0.136714085,0.136429239,0.136236535,0.135908318
Mexico,MEX,"Prevalence of HIV, total (% of population ages 15-49)",SH.DYN.AIDS.ZS,,,,,,,,,,,,,,,,,,,,,,,,,,,,,,,0.1,0.1,0.1,0.1,0.1,0.1,0.2,0.2,0.2,0.2,0.2,0.2,0.2,0.2,0.2,0.3,0.3,0.3,0.3,0.3,0.3,0.3,0.3,0.3,0.4,0.4,0.4,0.4,0.4,0.4,0.4,0.4,0.4,0.4,0.5
Marshall Islands,MHL,"Prevalence of HIV, total (% of population ages 15-49)",SH.DYN.AIDS.ZS,,,,,,,,,,,,,,,,,,,,,,,,,,,,,,,,,,,,,,,,,,,,,,,,,,,,,,,,,,,,,,,,,
Middle income,MIC,"Prevalence of HIV, total (% of population ages 15-49)",SH.DYN.AIDS.ZS,,,,,,,,,,,,,,,,,,,,,,,,,,,,,,,,,,,,,,,,,,,,,,,,,,,,,,,,,,,,,,,,,0.865254852
North Macedonia,MKD,"Prevalence of HIV, total (% of population ages 15-49)",SH.DYN.AIDS.ZS,,,,,,,,,,,,,,,,,,,,,,,,,,,,,,,0.1,0.1,0.1,0.1,0.1,0.1,0.1,0.1,0.1,0.1,0.1,0.1,0.1,0.1,0.1,0.1,0.1,0.1,0.1,0.1,0.1,0.1,0.1,0.1,0.1,0.1,0.1,0.1,0.1,0.1,0.1,0.1,0.1,0.1,0.1
Mali,MLI,"Prevalence of HIV, total (% of population ages 15-49)",SH.DYN.AIDS.ZS,,,,,,,,,,,,,,,,,,,,,,,,,,,,,,,1,1.2,1.4,1.5,1.6,1.7,1.8,1.8,1.8,1.7,1.7,1.7,1.6,1.6,1.5,1.5,1.4,1.4,1.4,1.4,1.3,1.3,1.3,1.2,1.2,1.2,1.1,1.1,1,1,0.9,0.9,0.8,0.8,0.8
Malta,MLT,"Prevalence of HIV, total (% of population ages 15-49)",SH.DYN.AIDS.ZS,,,,,,,,,,,,,,,,,,,,,,,,,,,,,,,0.1,0.1,0.1,0.1,0.1,0.1,0.1,0.1,0.1,0.1,0.1,0.1,0.1,0.1,0.1,0.1,0.1,0.1,0.1,0.2,0.2,0.2,0.2,0.2,0.2,0.2,0.2,0.2,0.2,0.2,0.2,0.3,0.3,0.3,0.3
Myanmar,MMR,"Prevalence of HIV, total (% of population ages 15-49)",SH.DYN.AIDS.ZS,,,,,,,,,,,,,,,,,,,,,,,,,,,,,,,0.1,0.2,0.2,0.3,0.3,0.4,0.4,0.5,0.5,0.6,0.6,0.7,0.7,0.8,0.8,0.8,0.8,0.9,0.9,0.9,0.9,0.9,0.9,0.9,0.9,0.9,0.9,0.9,0.9,0.9,0.9,0.9,0.9,0.9,0.9
"Middle East, North Africa, Afghanistan & Pakistan (excluding high income)",MNA,"Prevalence of HIV, total (% of population ages 15-49)",SH.DYN.AIDS.ZS,,,,,,,,,,,,,,,,,,,,,,,,,,,,,,,0.101547741,0.102249869,0.103156066,0.103568647,0.104278688,0.104754087,0.105293153,0.105759829,0.106284734,0.10656759,0.106816265,0.106878485,0.106936422,0.106701913,0.106404862,0.106129585,0.105907821,0.105522594,0.105139576,0.104954687,0.104578094,0.104396528,0.104030729,0.103669917,0.103502587,0.103139525,0.102967773,0.102788243,0.141207077,0.140984029,0.140808601,0.140702692,0.140528418,0.140411696,0.140129032
Montenegro,MNE,"Prevalence of HIV, total (% of population ages 15-49)",SH.DYN.AIDS.ZS,,,,,,,,,,,,,,,,,,,,,,,,,,,,,,,0.1,0.1,0.1,0.1,0.1,0.1,0.1,0.1,0.1,0.1,0.1,0.1,0.1,0.1,0.1,0.1,0.1,0.1,0.1,0.1,0.1,0.1,0.1,0.1,0.1,0.1,0.1,0.1,0.1,0.1,0.1,0.1,0.1,0.1,0.1
Mongolia,MNG,"Prevalence of HIV, total (% of population ages 15-49)",SH.DYN.AIDS.ZS,,,,,,,,,,,,,,,,,,,,,,,,,,,,,,,0.1,0.1,0.1,0.1,0.1,0.1,0.1,0.1,0.1,0.1,0.1,0.1,0.1,0.1,0.1,0.1,0.1,0.1,0.1,0.1,0.1,0.1,0.1,0.1,0.1,0.1,0.1,0.1,0.1,0.1,0.1,0.1,0.1,0.1,0.1
Northern Mariana Islands,MNP,"Prevalence of HIV, total (% of population ages 15-49)",SH.DYN.AIDS.ZS,,,,,,,,,,,,,,,,,,,,,,,,,,,,,,,,,,,,,,,,,,,,,,,,,,,,,,,,,,,,,,,,,
Mozambique,MOZ,"Prevalence of HIV, total (% of population ages 15-49)",SH.DYN.AIDS.ZS,,,,,,,,,,,,,,,,,,,,,,,,,,,,,,,1.8,2.3,2.9,3.5,4.2,4.9,5.7,6.5,7.3,8.1,8.8,9.4,9.9,10.3,10.6,10.9,11.1,11.3,11.6,11.8,12,12.3,12.4,12.6,12.7,12.8,12.9,12.8,12.8,12.7,12.6,12.4,12.1,11.8,11.5
Mauritania,MRT,"Prevalence of HIV, total (% of population ages 15-49)",SH.DYN.AIDS.ZS,,,,,,,,,,,,,,,,,,,,,,,,,,,,,,,0.2,0.2,0.3,0.3,0.4,0.5,0.5,0.6,0.6,0.7,0.7,0.7,0.7,0.7,0.7,0.7,0.6,0.6,0.6,0.5,0.5,0.4,0.4,0.4,0.3,0.3,0.3,0.2,0.2,0.2,0.2,0.2,0.2,0.1,0.1
Mauritius,MUS,"Prevalence of HIV, total (% of population ages 15-49)",SH.DYN.AIDS.ZS,,,,,,,,,,,,,,,,,,,,,,,,,,,,,,,,,,,,,,,,,,,,,,,,,,,,,,,,,,,,,,,,,
Malawi,MWI,"Prevalence of HIV, total (% of population ages 15-49)",SH.DYN.AIDS.ZS,,,,,,,,,,,,,,,,,,,,,,,,,,,,,,,9,10.6,12.1,13.4,14.4,15.2,15.7,16,16,15.7,15.3,14.8,14.3,13.6,12.9,12.3,11.8,11.3,11.1,10.9,10.7,10.5,10.3,10.1,9.9,9.6,9.4,9,8.7,8.3,7.9,7.4,7,6.6,6.2
Malaysia,MYS,"Prevalence of HIV, total (% of population ages 15-49)",SH.DYN.AIDS.ZS,,,,,,,,,,,,,,,,,,,,,,,,,,,,,,,0.2,0.3,0.3,0.3,0.3,0.4,0.4,0.4,0.4,0.4,0.4,0.4,0.4,0.4,0.4,0.4,0.4,0.4,0.4,0.4,0.4,0.4,0.4,0.4,0.4,0.4,0.4,0.3,0.3,0.3,0.3,0.3,0.3,0.3,0.3
North America,NAC,"Prevalence of HIV, total (% of population ages 15-49)",SH.DYN.AIDS.ZS,,,,,,,,,,,,,,,,,,,,,,,,,,,,,,,,,,,,,,,,,,,,,,,,,,,,,,,,,,,,,,,,,
Namibia,NAM,"Prevalence of HIV, total (% of population ages 15-49)",SH.DYN.AIDS.ZS,,,,,,,,,,,,,,,,,,,,,,,,,,,,,,,2.2,3,4,5.3,6.8,8.3,9.8,11.1,12.1,12.9,13.4,13.7,13.8,13.8,13.6,13.4,13.3,13.2,13.2,13.1,13.1,13.1,13,12.8,12.6,12.4,12.1,11.8,11.5,11.1,10.6,10.2,9.8,9.4,9
New Caledonia,NCL,"Prevalence of HIV, total (% of population ages 15-49)",SH.DYN.AIDS.ZS,,,,,,,,,,,,,,,,,,,,,,,,,,,,,,,,,,,,,,,,,,,,,,,,,,,,,,,,,,,,,,,,,
Niger,NER,"Prevalence of HIV, total (% of population ages 15-49)",SH.DYN.AIDS.ZS,,,,,,,,,,,,,,,,,,,,,,,,,,,,,,,0.2,0.3,0.4,0.5,0.6,0.6,0.7,0.7,0.7,0.7,0.7,0.7,0.6,0.6,0.6,0.5,0.5,0.5,0.4,0.4,0.4,0.3,0.3,0.3,0.3,0.3,0.2,0.2,0.2,0.2,0.2,0.2,0.2,0.2,0.2
Nigeria,NGA,"Prevalence of HIV, total (% of population ages 15-49)",SH.DYN.AIDS.ZS,,,,,,,,,,,,,,,,,,,,,,,,,,,,,,,1,1.1,1.3,1.5,1.7,1.9,2,2.1,2.2,2.2,2.2,2.2,2.2,2.2,2.2,2.1,2.1,2,2,2,2,1.9,1.9,1.8,1.8,1.7,1.7,1.6,1.6,1.5,1.4,1.4,1.3,1.2,1.2
Nicaragua,NIC,"Prevalence of HIV, total (% of population ages 15-49)",SH.DYN.AIDS.ZS,,,,,,,,,,,,,,,,,,,,,,,,,,,,,,,,,,,,,,,,,,,,,,,,,,,,,,,,,,,,,,,,,
Netherlands,NLD,"Prevalence of HIV, total (% of population ages 15-49)",SH.DYN.AIDS.ZS,,,,,,,,,,,,,,,,,,,,,,,,,,,,,,,0.1,0.1,0.1,0.1,0.1,0.1,0.1,0.1,0.1,0.1,0.1,0.1,0.1,0.1,0.1,0.1,0.2,0.2,0.2,0.2,0.2,0.2,0.2,0.2,0.2,0.2,0.2,0.2,0.2,0.2,0.2,0.2,0.2,0.1,
Norway,NOR,"Prevalence of HIV, total (% of population ages 15-49)",SH.DYN.AIDS.ZS,,,,,,,,,,,,,,,,,,,,,,,,,,,,,,,0.1,0.1,0.1,0.1,0.1,0.1,0.1,0.1,0.1,0.1,0.1,0.1,0.1,0.1,0.1,0.1,0.1,0.1,0.1,0.1,0.1,0.1,0.1,0.1,0.1,0.1,0.1,0.1,0.1,0.1,0.1,0.1,0.1,0.1,0.1
Nepal,NPL,"Prevalence of HIV, total (% of population ages 15-49)",SH.DYN.AIDS.ZS,,,,,,,,,,,,,,,,,,,,,,,,,,,,,,,0.1,0.1,0.1,0.1,0.1,0.1,0.1,0.1,0.1,0.1,0.2,0.2,0.2,0.2,0.3,0.3,0.3,0.3,0.3,0.3,0.3,0.2,0.2,0.2,0.2,0.2,0.2,0.2,0.2,0.2,0.2,0.1,0.1,0.1,0.1
Nauru,NRU,"Prevalence of HIV, total (% of population ages 15-49)",SH.DYN.AIDS.ZS,,,,,,,,,,,,,,,,,,,,,,,,,,,,,,,,,,,,,,,,,,,,,,,,,,,,,,,,,,,,,,,,,
New Zealand,NZL,"Prevalence of HIV, total (% of population ages 15-49)",SH.DYN.AIDS.ZS,,,,,,,,,,,,,,,,,,,,,,,,,,,,,,,0.1,0.1,0.1,0.1,0.1,0.1,0.1,0.1,0.1,0.1,0.1,0.1,0.1,0.1,0.1,0.1,0.1,0.1,0.1,0.1,0.1,0.1,0.1,0.1,0.1,0.1,0.1,0.1,0.1,0.1,0.1,0.1,0.1,0.1,0.1
OECD members,OED,"Prevalence of HIV, total (% of population ages 15-49)",SH.DYN.AIDS.ZS,,,,,,,,,,,,,,,,,,,,,,,,,,,,,,,,,,,,,,,,,,,,,,,,,,,,,,,,,,,,,,,,,
Oman,OMN,"Prevalence of HIV, total (% of population ages 15-49)",SH.DYN.AIDS.ZS,,,,,,,,,,,,,,,,,,,,,,,,,,,,,,,0.1,0.1,0.1,0.1,0.1,0.1,0.1,0.1,0.1,0.1,0.1,0.1,0.1,0.1,0.1,0.1,0.1,0.1,0.1,0.1,0.1,0.1,0.1,0.1,0.1,0.1,0.1,0.1,0.1,0.1,0.1,0.1,0.1,0.1,0.1
Other small states,OSS,"Prevalence of HIV, total (% of population ages 15-49)",SH.DYN.AIDS.ZS,,,,,,,,,,,,,,,,,,,,,,,,,,,,,,,0.325823647,0.503461812,0.802345046,1.183138255,1.586207581,2.037347667,2.535214963,2.977770737,3.36596068,3.71656251,3.996368495,4.147470909,4.245946247,4.297920194,4.342904086,4.352347891,4.375444925,4.371313919,4.406301298,4.430243781,4.465974814,4.520259145,4.544262588,4.563778527,4.572414553,4.515997633,4.441883661,4.352351994,4.245894556,4.148545496,4.040020848,3.946120401,3.80819047,3.664305499,3.528231901
Pakistan,PAK,"Prevalence of HIV, total (% of population ages 15-49)",SH.DYN.AIDS.ZS,,,,,,,,,,,,,,,,,,,,,,,,,,,,,,,0.1,0.1,0.1,0.1,0.1,0.1,0.1,0.1,0.1,0.1,0.1,0.1,0.1,0.1,0.1,0.1,0.1,0.1,0.1,0.1,0.1,0.1,0.1,0.1,0.1,0.1,0.1,0.1,0.2,0.2,0.2,0.2,0.2,0.2,0.2
Panama,PAN,"Prevalence of HIV, total (% of population ages 15-49)",SH.DYN.AIDS.ZS,,,,,,,,,,,,,,,,,,,,,,,,,,,,,,,0.3,0.4,0.4,0.5,0.5,0.6,0.6,0.7,0.7,0.7,0.7,0.7,0.8,0.8,0.8,0.8,0.8,0.9,0.9,0.9,0.9,0.9,1,1,1,1,1,1,1.1,1.1,1.1,1.1,1.1,1.1,1.1
Peru,PER,"Prevalence of HIV, total (% of population ages 15-49)",SH.DYN.AIDS.ZS,,,,,,,,,,,,,,,,,,,,,,,,,,,,,,,0.3,0.4,0.4,0.4,0.4,0.4,0.4,0.4,0.4,0.4,0.4,0.4,0.4,0.4,0.4,0.3,0.3,0.3,0.3,0.3,0.3,0.3,0.4,0.4,0.4,0.4,0.4,0.4,0.4,0.4,0.4,0.4,0.4,0.4,0.4
Philippines,PHL,"Prevalence of HIV, total (% of population ages 15-49)",SH.DYN.AIDS.ZS,,,,,,,,,,,,,,,,,,,,,,,,,,,,,,,0.1,0.1,0.1,0.1,0.1,0.1,0.1,0.1,0.1,0.1,0.1,0.1,0.1,0.1,0.1,0.1,0.1,0.1,0.1,0.1,0.1,0.1,0.1,0.1,0.1,0.1,0.1,0.1,0.2,0.2,0.2,0.2,0.3,0.3,0.3
Palau,PLW,"Prevalence of HIV, total (% of population ages 15-49)",SH.DYN.AIDS.ZS,,,,,,,,,,,,,,,,,,,,,,,,,,,,,,,,,,,,,,,,,,,,,,,,,,,,,,,,,,,,,,,,,
Papua New Guinea,PNG,"Prevalence of HIV, total (% of population ages 15-49)",SH.DYN.AIDS.ZS,,,,,,,,,,,,,,,,,,,,,,,,,,,,,,,0.2,0.3,0.3,0.4,0.4,0.5,0.5,0.5,0.6,0.6,0.7,0.7,0.8,0.8,0.8,0.9,0.9,0.9,1,1,1,1,1.1,1.1,1.1,1.1,1.2,1.2,1.2,1.3,1.3,1.4,1.4,1.4,1.5
Poland,POL,"Prevalence of HIV, total (% of population ages 15-49)",SH.DYN.AIDS.ZS,,,,,,,,,,,,,,,,,,,,,,,,,,,,,,,,,,,,,,,,,,,,,,,,,,,,,,,,,,,,,,,,,
Pre-demographic dividend,PRE,"Prevalence of HIV, total (% of population ages 15-49)",SH.DYN.AIDS.ZS,,,,,,,,,,,,,,,,,,,,,,,,,,,,,,,2.320153297,2.631714968,2.919371855,3.156143048,3.348578329,3.48374071,3.566489368,3.617575675,3.639056115,3.604691463,3.56172138,3.490751639,3.406834974,3.31792613,3.234706332,3.125951033,3.053616975,2.980944032,2.932856149,2.898839778,2.859883543,2.805279028,2.772955424,2.708559798,2.68242482,2.618136217,2.574059099,2.504272815,2.451871832,2.376834218,2.290673154,2.236103635,2.147046864,2.055567319,1.974804734
Puerto Rico (US),PRI,"Prevalence of HIV, total (% of population ages 15-49)",SH.DYN.AIDS.ZS,,,,,,,,,,,,,,,,,,,,,,,,,,,,,,,,,,,,,,,,,,,,,,,,,,,,,,,,,,,,,,,,,
"Korea, Dem. People's Rep.",PRK,"Prevalence of HIV, total (% of population ages 15-49)",SH.DYN.AIDS.ZS,,,,,,,,,,,,,,,,,,,,,,,,,,,,,,,,,,,,,,,,,,,,,,,,,,,,,,,,,,,,,,,,,
Portugal,PRT,"Prevalence of HIV, total (% of population ages 15-49)",SH.DYN.AIDS.ZS,,,,,,,,,,,,,,,,,,,,,,,,,,,,,,,0.2,0.3,0.3,0.4,0.4,0.4,0.5,0.5,0.5,0.5,0.5,0.6,0.6,0.6,0.6,0.6,0.6,0.6,0.6,0.6,0.6,0.6,0.6,0.6,0.6,0.6,0.6,0.6,0.6,0.5,0.5,0.5,0.5,0.5,0.5
Paraguay,PRY,"Prevalence of HIV, total (% of population ages 15-49)",SH.DYN.AIDS.ZS,,,,,,,,,,,,,,,,,,,,,,,,,,,,,,,0.1,0.1,0.1,0.1,0.1,0.1,0.1,0.1,0.1,0.1,0.2,0.2,0.2,0.2,0.2,0.2,0.3,0.3,0.3,0.3,0.3,0.3,0.4,0.4,0.4,0.4,0.4,0.4,0.4,0.5,0.5,0.5,0.5,0.5,0.5
West Bank and Gaza,PSE,"Prevalence of HIV, total (% of population ages 15-49)",SH.DYN.AIDS.ZS,,,,,,,,,,,,,,,,,,,,,,,,,,,,,,,,,,,,,,,,,,,,,,,,,,,,,,,,,,,,,,,,,
Pacific island small states,PSS,"Prevalence of HIV, total (% of population ages 15-49)",SH.DYN.AIDS.ZS,,,,,,,,,,,,,,,,,,,,,,,,,,,,,,,0.1,0.1,0.1,0.10067714,0.100670877,0.100664479,0.100656879,0.100647177,0.100636391,0.100624862,0.100613025,0.100601888,0.100591159,0.100585727,0.100586657,0.101177984,0.101182725,0.101188848,0.10119537,0.10120042,0.10120136,0.101197769,0.101193208,0.101182603,0.101165025,0.10114595,0.151932469,0.151045408,0.199242576,0.198289147,0.244906264,0.290566725,0.382365752,0.426383121,0.515498279
Post-demographic dividend,PST,"Prevalence of HIV, total (% of population ages 15-49)",SH.DYN.AIDS.ZS,,,,,,,,,,,,,,,,,,,,,,,,,,,,,,,,,,,,,,,,,,,,,,,,,,,,,,,,,,,,,,,,,
French Polynesia,PYF,"Prevalence of HIV, total (% of population ages 15-49)",SH.DYN.AIDS.ZS,,,,,,,,,,,,,,,,,,,,,,,,,,,,,,,,,,,,,,,,,,,,,,,,,,,,,,,,,,,,,,,,,
Qatar,QAT,"Prevalence of HIV, total (% of population ages 15-49)",SH.DYN.AIDS.ZS,,,,,,,,,,,,,,,,,,,,,,,,,,,,,,,0.1,0.1,0.1,0.1,0.1,0.1,0.1,0.1,0.1,0.1,0.1,0.1,0.1,0.1,0.1,0.1,0.1,0.1,0.1,0.1,0.1,0.1,0.1,0.1,0.1,0.1,0.1,0.1,0.1,0.1,0.1,0.1,0.1,0.1,0.1
Romania,ROU,"Prevalence of HIV, total (% of population ages 15-49)",SH.DYN.AIDS.ZS,,,,,,,,,,,,,,,,,,,,,,,,,,,,,,,0.1,0.1,0.1,0.1,0.1,0.1,0.1,0.1,0.1,0.1,0.1,0.1,0.1,0.1,0.1,0.1,0.1,0.1,0.1,0.1,0.1,0.1,0.1,0.1,0.1,0.1,0.1,0.1,0.1,0.2,0.2,0.2,0.2,0.2,0.2
Russian Federation,RUS,"Prevalence of HIV, total (% of population ages 15-49)",SH.DYN.AIDS.ZS,,,,,,,,,,,,,,,,,,,,,,,,,,,,,,,,,,,,,,,,,,,,,,,,,,,,,,,,,,,,,,,,,
Rwanda,RWA,"Prevalence of HIV, total (% of population ages 15-49)",SH.DYN.AIDS.ZS,,,,,,,,,,,,,,,,,,,,,,,,,,,,,,,2.7,3.2,3.7,4.2,4.4,4.7,4.9,4.9,5,4.9,4.9,4.8,4.6,4.4,4.2,4.1,4,3.9,3.8,3.7,3.7,3.6,3.5,3.4,3.3,3.2,3.1,3,2.9,2.7,2.6,2.4,2.3,2.2,2
South Asia,SAS,"Prevalence of HIV, total (% of population ages 15-49)",SH.DYN.AIDS.ZS,,,,,,,,,,,,,,,,,,,,,,,,,,,,,,,,,,,,,,,,,,,,,,,,,,,,,,,,,,,,,,,,,0.186785805
Saudi Arabia,SAU,"Prevalence of HIV, total (% of population ages 15-49)",SH.DYN.AIDS.ZS,,,,,,,,,,,,,,,,,,,,,,,,,,,,,,,0.1,0.1,0.1,0.1,0.1,0.1,0.1,0.1,0.1,0.1,0.1,0.1,0.1,0.1,0.1,0.1,0.1,0.1,0.1,0.1,0.1,0.1,0.1,0.1,0.1,0.1,0.1,0.1,0.1,0.1,0.1,0.1,0.1,0.1,0.1
Sudan,SDN,"Prevalence of HIV, total (% of population ages 15-49)",SH.DYN.AIDS.ZS,,,,,,,,,,,,,,,,,,,,,,,,,,,,,,,0.1,0.1,0.1,0.1,0.1,0.1,0.1,0.1,0.1,0.1,0.1,0.1,0.1,0.1,0.1,0.1,0.1,0.1,0.1,0.1,0.1,0.1,0.1,0.1,0.1,0.1,0.1,0.1,0.1,0.1,0.1,0.2,0.2,0.2,0.2
Senegal,SEN,"Prevalence of HIV, total (% of population ages 15-49)",SH.DYN.AIDS.ZS,,,,,,,,,,,,,,,,,,,,,,,,,,,,,,,0.1,0.2,0.2,0.3,0.3,0.4,0.4,0.5,0.6,0.6,0.7,0.7,0.7,0.7,0.7,0.7,0.6,0.6,0.6,0.6,0.5,0.5,0.5,0.5,0.4,0.4,0.4,0.4,0.4,0.3,0.3,0.3,0.3,0.3,0.3
Singapore,SGP,"Prevalence of HIV, total (% of population ages 15-49)",SH.DYN.AIDS.ZS,,,,,,,,,,,,,,,,,,,,,,,,,,,,,,,0.1,0.1,0.1,0.1,0.1,0.1,0.1,0.1,0.1,0.1,0.1,0.1,0.1,0.1,0.1,0.1,0.1,0.1,0.1,0.1,0.1,0.1,0.1,0.1,0.1,0.1,0.1,0.1,0.1,0.1,0.1,0.1,0.1,0.1,0.1
Solomon Islands,SLB,"Prevalence of HIV, total (% of population ages 15-49)",SH.DYN.AIDS.ZS,,,,,,,,,,,,,,,,,,,,,,,,,,,,,,,0.1,0.1,0.1,0.1,0.1,0.1,0.1,0.1,0.1,0.1,0.1,0.1,0.1,0.1,0.1,0.1,0.1,0.1,0.1,0.1,0.1,0.1,0.1,0.1,0.1,0.1,0.1,0.1,0.1,0.1,0.1,0.1,0.1,0.1,0.1
Sierra Leone,SLE,"Prevalence of HIV, total (% of population ages 15-49)",SH.DYN.AIDS.ZS,,,,,,,,,,,,,,,,,,,,,,,,,,,,,,,0.6,0.7,0.9,1,1.1,1.2,1.3,1.4,1.5,1.6,1.6,1.7,1.7,1.7,1.7,1.7,1.6,1.6,1.6,1.6,1.6,1.6,1.6,1.6,1.6,1.6,1.6,1.6,1.6,1.5,1.5,1.5,1.5,1.4,1.4
El Salvador,SLV,"Prevalence of HIV, total (% of population ages 15-49)",SH.DYN.AIDS.ZS,,,,,,,,,,,,,,,,,,,,,,,,,,,,,,,0.1,0.1,0.1,0.2,0.2,0.3,0.3,0.4,0.4,0.5,0.5,0.5,0.6,0.6,0.6,0.6,0.6,0.6,0.6,0.6,0.5,0.5,0.5,0.5,0.5,0.5,0.5,0.4,0.4,0.4,0.4,0.4,0.4,0.4,0.4
San Marino,SMR,"Prevalence of HIV, total (% of population ages 15-49)",SH.DYN.AIDS.ZS,,,,,,,,,,,,,,,,,,,,,,,,,,,,,,,,,,,,,,,,,,,,,,,,,,,,,,,,,,,,,,,,,
"Somalia, Fed. Rep.",SOM,"Prevalence of HIV, total (% of population ages 15-49)",SH.DYN.AIDS.ZS,,,,,,,,,,,,,,,,,,,,,,,,,,,,,,,0.2,0.3,0.3,0.3,0.3,0.3,0.3,0.3,0.3,0.3,0.3,0.3,0.2,0.2,0.2,0.2,0.2,0.2,0.2,0.2,0.1,0.1,0.1,0.1,0.1,0.1,0.1,0.1,0.1,0.1,0.1,0.1,0.1,0.1,0.1
Serbia,SRB,"Prevalence of HIV, total (% of population ages 15-49)",SH.DYN.AIDS.ZS,,,,,,,,,,,,,,,,,,,,,,,,,,,,,,,0.1,0.1,0.1,0.1,0.1,0.1,0.1,0.1,0.1,0.1,0.1,0.1,0.1,0.1,0.1,0.1,0.1,0.1,0.1,0.1,0.1,0.1,0.1,0.1,0.1,0.1,0.1,0.1,0.1,0.1,0.1,0.1,0.1,0.1,0.1
Sub-Saharan Africa (excluding high income),SSA,"Prevalence of HIV, total (% of population ages 15-49)",SH.DYN.AIDS.ZS,,,,,,,,,,,,,,,,,,,,,,,,,,,,,,,2.736169321,3.201722578,3.648304266,4.055587363,4.412583007,4.707231876,4.952765178,5.146065313,5.283823241,5.341312505,5.348522762,5.30019812,5.232802056,5.145714143,5.044976595,4.923881967,4.831324014,4.748832518,4.681223825,4.64320527,4.600582053,4.546898192,4.505912107,4.435645598,4.396161435,4.328324671,4.251787241,4.13364011,4.051631602,3.939220432,3.816145636,3.717664884,3.578860895,3.435018116,3.298440309
South Sudan,SSD,"Prevalence of HIV, total (% of population ages 15-49)",SH.DYN.AIDS.ZS,,,,,,,,,,,,,,,,,,,,,,,,,,,,,,,0.8,1,1.2,1.4,1.6,1.8,2,2.1,2.2,2.3,2.4,2.4,2.5,2.5,2.5,2.4,2.4,2.3,2.3,2.2,2.2,2.1,2.1,2,2,2,1.9,1.9,1.8,1.8,1.7,1.7,1.6,1.6,1.5
Sub-Saharan Africa,SSF,"Prevalence of HIV, total (% of population ages 15-49)",SH.DYN.AIDS.ZS,,,,,,,,,,,,,,,,,,,,,,,,,,,,,,,2.687448108,3.146194798,3.587642865,3.984678902,4.317353566,4.584031451,4.806133257,4.971756301,5.078363855,5.112391502,5.100482672,5.047127413,4.966560448,4.867785699,4.75645359,4.626449874,4.531419109,4.445057428,4.372046039,4.325657058,4.284624753,4.223507831,4.183657692,4.107728643,4.069781109,3.996463199,3.925709672,3.807563148,3.7329258,3.620859668,3.509818926,3.410496169,3.285827927,3.146331216,3.024036216
Small states,SST,"Prevalence of HIV, total (% of population ages 15-49)",SH.DYN.AIDS.ZS,,,,,,,,,,,,,,,,,,,,,,,,,,,,,,,0.309891572,0.435518505,0.644391246,0.904436805,1.171266315,1.472968505,1.801918038,2.096708501,2.35434262,2.572346155,2.757722742,2.869436039,2.948343107,2.993628545,3.027579624,3.045219516,3.064561874,3.076494377,3.103602757,3.123818609,3.155509374,3.185952724,3.208061195,3.218562798,3.226694794,3.191251645,3.157886602,3.10400165,3.045261279,2.983487062,2.923862394,2.86995442,2.797048253,2.714152489,2.63733529
Sao Tome and Principe,STP,"Prevalence of HIV, total (% of population ages 15-49)",SH.DYN.AIDS.ZS,,,,,,,,,,,,,,,,,,,,,,,,,,,,,,,,,,,,,,,,,,,,,,,,,,,,,,,,,,,,,,,,,
Suriname,SUR,"Prevalence of HIV, total (% of population ages 15-49)",SH.DYN.AIDS.ZS,,,,,,,,,,,,,,,,,,,,,,,,,,,,,,,0.3,0.4,0.4,0.5,0.6,0.7,0.8,0.9,0.9,1,1.1,1.2,1.3,1.3,1.4,1.4,1.4,1.5,1.5,1.5,1.5,1.5,1.6,1.6,1.6,1.6,1.6,1.6,1.6,1.6,1.6,1.6,1.6,1.6,1.6
Slovak Republic,SVK,"Prevalence of HIV, total (% of population ages 15-49)",SH.DYN.AIDS.ZS,,,,,,,,,,,,,,,,,,,,,,,,,,,,,,,0.1,0.1,0.1,0.1,0.1,0.1,0.1,0.1,0.1,0.1,0.1,0.1,0.1,0.1,0.1,0.1,0.1,0.1,0.1,0.1,0.1,0.1,0.1,0.1,0.1,0.1,0.1,0.1,0.1,0.1,0.1,0.1,0.1,0.1,0.1
Slovenia,SVN,"Prevalence of HIV, total (% of population ages 15-49)",SH.DYN.AIDS.ZS,,,,,,,,,,,,,,,,,,,,,,,,,,,,,,,0.1,0.1,0.1,0.1,0.1,0.1,0.1,0.1,0.1,0.1,0.1,0.1,0.1,0.1,0.1,0.1,0.1,0.1,0.1,0.1,0.1,0.1,0.1,0.1,0.1,0.1,0.1,0.1,0.1,0.1,0.1,0.1,0.1,0.1,0.1
Sweden,SWE,"Prevalence of HIV, total (% of population ages 15-49)",SH.DYN.AIDS.ZS,,,,,,,,,,,,,,,,,,,,,,,,,,,,,,,0.1,0.1,0.1,0.1,0.1,0.1,0.1,0.1,0.1,0.1,0.1,0.1,0.1,0.1,0.1,0.1,0.1,0.1,0.1,0.1,0.1,0.1,0.1,0.1,0.1,0.1,0.1,0.1,0.1,0.1,0.1,0.1,0.1,,
Eswatini,SWZ,"Prevalence of HIV, total (% of population ages 15-49)",SH.DYN.AIDS.ZS,,,,,,,,,,,,,,,,,,,,,,,,,,,,,,,1.2,2.3,4.1,6.5,9.3,12.6,15.8,18.6,21,22.8,24.2,25.2,25.9,26.3,26.6,26.8,27,27.2,27.5,27.7,28,28.4,28.8,29.2,29.4,29.3,29,28.6,28.1,27.6,26.9,26.1,25.2,24.3,23.4
Sint Maarten (Dutch part),SXM,"Prevalence of HIV, total (% of population ages 15-49)",SH.DYN.AIDS.ZS,,,,,,,,,,,,,,,,,,,,,,,,,,,,,,,,,,,,,,,,,,,,,,,,,,,,,,,,,,,,,,,,,
Seychelles,SYC,"Prevalence of HIV, total (% of population ages 15-49)",SH.DYN.AIDS.ZS,,,,,,,,,,,,,,,,,,,,,,,,,,,,,,,,,,,,,,,,,,,,,,,,,,,,,,,,,,,,,,,,,
Syrian Arab Republic,SYR,"Prevalence of HIV, total (% of population ages 15-49)",SH.DYN.AIDS.ZS,,,,,,,,,,,,,,,,,,,,,,,,,,,,,,,0.1,0.1,0.1,0.1,0.1,0.1,0.1,0.1,0.1,0.1,0.1,0.1,0.1,0.1,0.1,0.1,0.1,0.1,0.1,0.1,0.1,0.1,0.1,0.1,0.1,0.1,0.1,0.1,0.1,0.1,0.1,0.1,0.1,0.1,0.1
Turks and Caicos Islands,TCA,"Prevalence of HIV, total (% of population ages 15-49)",SH.DYN.AIDS.ZS,,,,,,,,,,,,,,,,,,,,,,,,,,,,,,,,,,,,,,,,,,,,,,,,,,,,,,,,,,,,,,,,,
Chad,TCD,"Prevalence of HIV, total (% of population ages 15-49)",SH.DYN.AIDS.ZS,,,,,,,,,,,,,,,,,,,,,,,,,,,,,,,1.2,1.4,1.7,1.9,2.1,2.2,2.3,2.4,2.5,2.5,2.4,2.4,2.3,2.2,2.2,2.1,2,1.9,1.8,1.8,1.7,1.7,1.6,1.5,1.5,1.4,1.4,1.3,1.2,1.2,1.1,1.1,1,1,0.9
East Asia & Pacific (IDA & IBRD countries),TEA,"Prevalence of HIV, total (% of population ages 15-49)",SH.DYN.AIDS.ZS,,,,,,,,,,,,,,,,,,,,,,,,,,,,,,,,,,,,,,,,,,,,,,,,,,,,,,,,,,,,,,,,,
Europe & Central Asia (IDA & IBRD countries),TEC,"Prevalence of HIV, total (% of population ages 15-49)",SH.DYN.AIDS.ZS,,,,,,,,,,,,,,,,,,,,,,,,,,,,,,,,,,,,,,,,,,,,,,,,,,,,,,,,,,,,,,,,,
Togo,TGO,"Prevalence of HIV, total (% of population ages 15-49)",SH.DYN.AIDS.ZS,,,,,,,,,,,,,,,,,,,,,,,,,,,,,,,0.9,1.1,1.5,1.8,2.2,2.6,3,3.3,3.5,3.7,3.7,3.7,3.6,3.5,3.4,3.3,3.2,3,2.9,2.8,2.7,2.7,2.6,2.5,2.4,2.3,2.2,2.2,2.1,2,1.9,1.9,1.8,1.7,1.6
Thailand,THA,"Prevalence of HIV, total (% of population ages 15-49)",SH.DYN.AIDS.ZS,,,,,,,,,,,,,,,,,,,,,,,,,,,,,,,0.9,1.4,1.8,2.1,2.3,2.4,2.5,2.5,2.5,2.5,2.4,2.3,2.2,2.1,2,1.9,1.9,1.8,1.8,1.7,1.6,1.6,1.6,1.5,1.5,1.4,1.4,1.3,1.3,1.2,1.2,1.1,1.1,1.1,1
Tajikistan,TJK,"Prevalence of HIV, total (% of population ages 15-49)",SH.DYN.AIDS.ZS,,,,,,,,,,,,,,,,,,,,,,,,,,,,,,,0.1,0.1,0.1,0.1,0.1,0.1,0.1,0.1,0.1,0.1,0.1,0.1,0.1,0.1,0.1,0.1,0.2,0.2,0.2,0.2,0.2,0.2,0.2,0.2,0.2,0.2,0.2,0.2,0.2,0.2,0.2,0.2,0.2,0.2,0.2
Turkmenistan,TKM,"Prevalence of HIV, total (% of population ages 15-49)",SH.DYN.AIDS.ZS,,,,,,,,,,,,,,,,,,,,,,,,,,,,,,,,,,,,,,,,,,,,,,,,,,,,,,,,,,,,,,,,,
Latin America & the Caribbean (IDA & IBRD countries),TLA,"Prevalence of HIV, total (% of population ages 15-49)",SH.DYN.AIDS.ZS,,,,,,,,,,,,,,,,,,,,,,,,,,,,,,,0.156089135,0.20717784,0.233592772,0.243441623,0.251563599,0.302479781,0.331472468,0.347167602,0.356487687,0.363507912,0.363553569,0.376396884,0.378329433,0.38234607,0.384812444,0.397785038,0.406279559,0.40271444,0.402588896,0.437384193,0.434851159,0.429752188,0.435081397,0.470331361,0.490676243,0.490128587,0.525659251,0.525727655,0.521592079,0.530101903,0.565814654,0.569278577,0.568792113,0.572508245,0.593230749
Timor-Leste,TLS,"Prevalence of HIV, total (% of population ages 15-49)",SH.DYN.AIDS.ZS,,,,,,,,,,,,,,,,,,,,,,,,,,,,,,,0.1,0.1,0.1,0.1,0.1,0.1,0.1,0.1,0.1,0.1,0.1,0.1,0.1,0.1,0.1,0.1,0.1,0.1,0.1,0.1,0.1,0.2,0.2,0.2,0.2,0.2,0.2,0.2,0.2,0.2,0.2,0.2,0.2,0.2,0.2
"Middle East, North Africa, Afghanistan & Pakistan (IDA & IBRD)",TMN,"Prevalence of HIV, total (% of population ages 15-49)",SH.DYN.AIDS.ZS,,,,,,,,,,,,,,,,,,,,,,,,,,,,,,,0.101547741,0.102249869,0.103156066,0.103568647,0.104278688,0.104754087,0.105293153,0.105759829,0.106284734,0.10656759,0.106816265,0.106878485,0.106936422,0.106701913,0.106404862,0.106129585,0.105907821,0.105522594,0.105139576,0.104954687,0.104578094,0.104396528,0.104030729,0.103669917,0.103502587,0.103139525,0.102967773,0.102788243,0.141207077,0.140984029,0.140808601,0.140702692,0.140528418,0.140411696,0.140129032
Tonga,TON,"Prevalence of HIV, total (% of population ages 15-49)",SH.DYN.AIDS.ZS,,,,,,,,,,,,,,,,,,,,,,,,,,,,,,,,,,,,,,,,,,,,,,,,,,,,,,,,,,,,,,,,,
South Asia (IDA & IBRD),TSA,"Prevalence of HIV, total (% of population ages 15-49)",SH.DYN.AIDS.ZS,,,,,,,,,,,,,,,,,,,,,,,,,,,,,,,,,,,,,,,,,,,,,,,,,,,,,,,,,,,,,,,,,0.186785805
Sub-Saharan Africa (IDA & IBRD countries),TSS,"Prevalence of HIV, total (% of population ages 15-49)",SH.DYN.AIDS.ZS,,,,,,,,,,,,,,,,,,,,,,,,,,,,,,,2.687448108,3.146194798,3.587642865,3.984678902,4.317353566,4.584031451,4.806133257,4.971756301,5.078363855,5.112391502,5.100482672,5.047127413,4.966560448,4.867785699,4.75645359,4.626449874,4.531419109,4.445057428,4.372046039,4.325657058,4.284624753,4.223507831,4.183657692,4.107728643,4.069781109,3.996463199,3.925709672,3.807563148,3.7329258,3.620859668,3.509818926,3.410496169,3.285827927,3.146331216,3.024036216
Trinidad and Tobago,TTO,"Prevalence of HIV, total (% of population ages 15-49)",SH.DYN.AIDS.ZS,,,,,,,,,,,,,,,,,,,,,,,,,,,,,,,,,,,,,,,,,,,,,,,,,,,,,,,,,,,,,,,,,
Tunisia,TUN,"Prevalence of HIV, total (% of population ages 15-49)",SH.DYN.AIDS.ZS,,,,,,,,,,,,,,,,,,,,,,,,,,,,,,,0.1,0.1,0.1,0.1,0.1,0.1,0.1,0.1,0.1,0.1,0.1,0.1,0.1,0.1,0.1,0.1,0.1,0.1,0.1,0.1,0.1,0.1,0.1,0.1,0.1,0.1,0.1,0.1,0.1,0.1,0.1,0.1,0.1,0.1,0.1
Turkiye,TUR,"Prevalence of HIV, total (% of population ages 15-49)",SH.DYN.AIDS.ZS,,,,,,,,,,,,,,,,,,,,,,,,,,,,,,,,,,,,,,,,,,,,,,,,,,,,,,,,,,,,,,,,,
Tuvalu,TUV,"Prevalence of HIV, total (% of population ages 15-49)",SH.DYN.AIDS.ZS,,,,,,,,,,,,,,,,,,,,,,,,,,,,,,,0.1,0.1,0.1,0.2,0.2,0.2,0.2,0.2,0.2,0.2,0.2,0.2,0.2,0.2,0.2,0.3,0.3,0.3,0.3,0.3,0.3,0.3,0.3,0.3,0.3,0.3,0.3,0.3,0.3,0.4,0.4,0.4,0.4,0.4,0.4
Tanzania,TZA,"Prevalence of HIV, total (% of population ages 15-49)",SH.DYN.AIDS.ZS,,,,,,,,,,,,,,,,,,,,,,,,,,,,,,,4.8,5.3,5.8,6.2,6.4,6.5,6.5,6.5,6.4,6.3,6.1,5.9,5.7,5.5,5.2,5,4.9,4.8,4.7,4.6,4.6,4.6,4.5,4.5,4.5,4.5,4.4,4.4,4.3,4.2,4.1,4,3.9,3.7,3.5
Uganda,UGA,"Prevalence of HIV, total (% of population ages 15-49)",SH.DYN.AIDS.ZS,,,,,,,,,,,,,,,,,,,,,,,,,,,,,,,10.9,10.9,10.7,10.5,10.3,10,9.7,9.4,9.1,8.7,8.5,8.2,8,7.7,7.6,7.5,7.4,7.3,7.2,7.2,7.2,7.1,7.1,7,6.9,6.8,6.6,6.5,6.3,6.1,5.8,5.6,5.4,5.2,4.9
Ukraine,UKR,"Prevalence of HIV, total (% of population ages 15-49)",SH.DYN.AIDS.ZS,,,,,,,,,,,,,,,,,,,,,,,,,,,,,,,,,,,,,,,,,,,,,,,,,,,,,,,,,,,,,,,,,
Upper middle income,UMC,"Prevalence of HIV, total (% of population ages 15-49)",SH.DYN.AIDS.ZS,,,,,,,,,,,,,,,,,,,,,,,,,,,,,,,,,,,,,,,,,,,,,,,,,,,,,,,,,,,,,,,,,
Uruguay,URY,"Prevalence of HIV, total (% of population ages 15-49)",SH.DYN.AIDS.ZS,,,,,,,,,,,,,,,,,,,,,,,,,,,,,,,,,,,,,,,,,,,,,,,,,,,,,,,,,,,,,,,,,
United States,USA,"Prevalence of HIV, total (% of population ages 15-49)",SH.DYN.AIDS.ZS,,,,,,,,,,,,,,,,,,,,,,,,,,,,,,,,,,,,,,,,,,,,,,,,,,,,,,,,,,,,,,,,,
Uzbekistan,UZB,"Prevalence of HIV, total (% of population ages 15-49)",SH.DYN.AIDS.ZS,,,,,,,,,,,,,,,,,,,,,,,,,,,,,,,,,,,,,,,,,,,,,,,,,,,,,,,,,,,,,,,,,
St. Vincent and the Grenadines,VCT,"Prevalence of HIV, total (% of population ages 15-49)",SH.DYN.AIDS.ZS,,,,,,,,,,,,,,,,,,,,,,,,,,,,,,,0.4,0.4,0.5,0.6,0.6,0.7,0.8,0.8,0.8,0.9,0.9,0.9,1,1,1,1,1,1,1,1,1,1,1,1,1,1,1,1,0.9,0.9,0.9,0.9,0.9,0.8,0.8
"Venezuela, RB",VEN,"Prevalence of HIV, total (% of population ages 15-49)",SH.DYN.AIDS.ZS,,,,,,,,,,,,,,,,,,,,,,,,,,,,,,,0.1,0.1,0.1,0.1,0.1,0.1,0.2,0.2,0.2,0.3,0.3,0.4,0.4,0.5,0.6,0.6,0.6,0.6,0.6,0.6,0.6,0.5,0.5,0.5,0.5,0.5,0.5,0.5,0.5,0.5,0.5,0.5,0.5,0.6,0.6
British Virgin Islands,VGB,"Prevalence of HIV, total (% of population ages 15-49)",SH.DYN.AIDS.ZS,,,,,,,,,,,,,,,,,,,,,,,,,,,,,,,,,,,,,,,,,,,,,,,,,,,,,,,,,,,,,,,,,
Virgin Islands (U.S.),VIR,"Prevalence of HIV, total (% of population ages 15-49)",SH.DYN.AIDS.ZS,,,,,,,,,,,,,,,,,,,,,,,,,,,,,,,,,,,,,,,,,,,,,,,,,,,,,,,,,,,,,,,,,
Viet Nam,VNM,"Prevalence of HIV, total (% of population ages 15-49)",SH.DYN.AIDS.ZS,,,,,,,,,,,,,,,,,,,,,,,,,,,,,,,0.1,0.1,0.1,0.1,0.1,0.1,0.1,0.2,0.2,0.2,0.2,0.3,0.3,0.3,0.3,0.3,0.3,0.4,0.4,0.4,0.4,0.4,0.4,0.4,0.4,0.4,0.4,0.5,0.5,0.5,0.5,0.5,0.5,0.4,0.4
Vanuatu,VUT,"Prevalence of HIV, total (% of population ages 15-49)",SH.DYN.AIDS.ZS,,,,,,,,,,,,,,,,,,,,,,,,,,,,,,,0.1,0.1,0.1,0.1,0.1,0.1,0.1,0.1,0.1,0.1,0.1,0.1,0.1,0.1,0.1,0.1,0.1,0.1,0.1,0.1,0.1,0.1,0.1,0.1,0.1,0.1,0.1,0.1,0.1,0.1,0.1,0.1,0.1,0.1,0.1
World,WLD,"Prevalence of HIV, total (% of population ages 15-49)",SH.DYN.AIDS.ZS,,,,,,,,,,,,,,,,,,,,,,,,,,,,,,,0.3,0.4,0.4,0.5,0.6,0.6,0.6,0.7,0.7,0.7,0.7,0.7,0.7,0.7,0.7,0.7,0.7,0.7,0.7,0.7,0.7,0.7,0.7,0.7,0.7,0.7,0.8,0.8,0.8,0.8,0.8,0.7,0.7,0.7,0.7
Samoa,WSM,"Prevalence of HIV, total (% of population ages 15-49)",SH.DYN.AIDS.ZS,,,,,,,,,,,,,,,,,,,,,,,,,,,,,,,,,,,,,,,,,,,,,,,,,,,,,,,,,,,,,,,,,
Kosovo,XKX,"Prevalence of HIV, total (% of population ages 15-49)",SH.DYN.AIDS.ZS,,,,,,,,,,,,,,,,,,,,,,,,,,,,,,,,,,,,,,,,,,,,,,,,,,,,,,,,,,,,,,,,,
"Yemen, Rep.",YEM,"Prevalence of HIV, total (% of population ages 15-49)",SH.DYN.AIDS.ZS,,,,,,,,,,,,,,,,,,,,,,,,,,,,,,,0.1,0.1,0.1,0.1,0.1,0.1,0.1,0.1,0.1,0.1,0.1,0.1,0.1,0.1,0.1,0.1,0.1,0.1,0.1,0.1,0.1,0.1,0.1,0.1,0.1,0.1,0.1,0.1,0.1,0.1,0.1,0.1,0.1,0.1,0.1
South Africa,ZAF,"Prevalence of HIV, total (% of population ages 15-49)",SH.DYN.AIDS.ZS,,,,,,,,,,,,,,,,,,,,,,,,,,,,,,,1.5,2.3,3.3,4.6,6,7.5,9,10.4,11.7,12.9,13.8,14.5,15.1,15.5,15.8,16.1,16.3,16.6,16.8,17.1,17.4,17.7,17.9,18.1,18.3,18.5,18.6,18.6,18.6,18.5,18.4,18.2,17.9,17.6,17.2
Zambia,ZMB,"Prevalence of HIV, total (% of population ages 15-49)",SH.DYN.AIDS.ZS,,,,,,,,,,,,,,,,,,,,,,,,,,,,,,,9.4,10.7,11.8,12.7,13.3,13.7,13.9,14,13.9,13.7,13.5,13.2,12.9,12.6,12.3,12.1,11.9,11.7,11.7,11.7,11.7,11.7,11.8,11.8,11.9,11.9,11.8,11.8,11.7,11.5,11.1,10.7,10.3,9.8,9.4
Zimbabwe,ZWE,"Prevalence of HIV, total (% of population ages 15-49)",SH.DYN.AIDS.ZS,,,,,,,,,,,,,,,,,,,,,,,,,,,,,,,19.9,23.4,26.1,28,29.2,29.6,29.5,29,28.1,27,25.8,24.5,23.2,21.9,20.6,19.5,18.6,17.8,17.1,16.6,16.3,16,15.6,15.3,14.9,14.5,14.1,13.6,13.1,12.5,12,11.5,10.9,10.3,9.8
